"country","isocode","continent","witchcraft","abslat","rugged","calsuit","distcoast","religiosity","kinshipsch","wgirl","wgige","wgicc","secure","taxeff","justsys","legit","conflocpolice","confjudsys","confnatgov","schautoembed","hofidv","hofuai","hofivr","uzloose","traditionwvs","creativewvs","riskwvs","chindependencewvs","chimaginewvs","crithink","trustinoutwvs","bloodfam","chtolerancewvs","mai","trustgen","trustnbrglp","trustoutwvs","trustbuspar","fairwvs","impfriendswvs","impleisurewvs","blood","charity","strangerhelp","whrhappy","subjhealthwvs","whrposaffect","whrnegaffect","controlwvs","whrfreechoice","fatalism","hardwork","bzsg","limgoodwvs","entrisk","disideas","patapp","hindex","rdtogdp","lngdppcppp","lnpovrat","lifexp","schyears","hdi","disastexp","droughtexp","disrichness","newconfreq","unemprate"
"Afghanistan","AFG","Asia",0.528860911914596,33.83319,2.5181463,566.62933,0.9224445,3.9101203542821,1.0345825,-1.6711588,-1.3843566,-1.4985125,2.75,1.25,2.8,1.3333334,0.485,0.2375,0.391666666666667,NA,NA,NA,NA,NA,NA,NA,NA,NA,NA,NA,NA,0.59599733,NA,2.51,0.281074,3.5070214,NA,0.39471614,NA,NA,NA,3.1956286,0.2425,0.504166666666667,3.8066144,NA,0.58087313,0.30128288,NA,0.5448948,0.960424130279646,0.782727272727273,NA,NA,NA,NA,NA,NA,NA,7.579815,NA,62.181,NA,0.4945,12.99,1.216,199,0.03390155,11.399
"Albania","ALB","Europe",0.538291200151615,41.142673,3.4270582,1893.2494,0.047892928,2.59232208091144,0.79295874,-0.43869072,-0.16685663,-0.5616205,2,2,2.2,2.3333333,0.638461538461539,0.264,0.402,NA,NA,NA,14.508928,37.2,NA,NA,NA,0.3398095,0.16570038,4.48028326,1.3287452,0.6286262,0.74087995,7.22,0.16129404,3.2855136,1.9827534,0.33528274,4.3644066,3.1004674,2.6713624,2.3519168,0.214615384615385,0.403076923076923,5.028185,3.781446,0.65262234,0.3095805,5.8969955,0.63699436,0.469552038623196,0.779,NA,5.2867646,47.6979921291666,3.202697039,4.0149423504827,59.4374229128793,0.15421,9.33704,2.098018,77.278,10.2,0.7775,20.14,1.302,193,0,14.784
"Argentina","ARG","Americas",0.441157715533245,35.3959,0.77461064,1400.2582,0.3523024,3.13235347484836,-1.4368485,-0.6186909,-0.11865191,-0.41122907,2.25,3,3,3,0.476,0.294,0.385333333333333,0.5150001,46,86,61.830357,75,0.6116476,0.4674911,-0.67235565,0.39635456,0.24884184,3.136697054,0.9279979,0.63854855,0.654634,6.51,0.20112601,3.236745,2.3738587,0.4686003,5.204398,3.359354,3.1049323,9.317738,0.183333333333333,0.500666666666667,6.4487486,3.8051124,0.843937,0.267101,7.402194,0.76516277,NA,0.811538461538461,3.6,4.5431743,47.4236230083333,3.348996401,16.6816877119222,86.6275260631546,0.58852,10.06733,1.4508328,75.6713,10.1,0.837,9.55,1.203,216,0,7.69
"Armenia","ARM","Asia",0.591286955051879,40.293682,2.6884224,1580.6736,0.3483786,3.33368806211511,-0.55314255,-0.3536573,-0.11099154,-0.59910196,1.25,1.75,2.2,2,0.544285714285714,0.326428571428571,0.352857142857143,NA,NA,NA,NA,NA,0.9640011,0.08587904,-0.7885055,0.28788036,0.1428336,3.632326126,1.2815032,0.36722276,0.56839997,5.78,0.13118272,3.2712226,1.9384621,0.39199564,4.822198,3.3333185,3.0366614,0.1612758,0.0878571428571429,0.485,4.346937,3.460845,0.5521555,0.43118554,6.429508,0.5115494,0.843618593691473,0.357692307692308,3.61,4.50095,50.0292549541666,3.779797554,26.1384908757217,74.6284506500683,0.25069,9.26274,2.4132316,73.902,11.66751,0.762,14.55,1.267,203,0,17.397
"Austria","AUT","Europe",0.131566307502012,47.588528,3.5131805,1195.9772,0.24161652,2.39613216167053,-0.9984942,1.845445,1.6096171,1.5572519,4,4,3.8,3.6666667,0.85,0.69,0.45,1.4850001,55,70,62.723213,75.8,NA,NA,NA,0.6743041,0.23267406,4.054131031,0.97228426,NA,0.700446,6.06,0.3826181,3.5835607,2.4364405,0.69175434,6.1311164,3.3905244,3.2815244,NA,0.532142857142857,0.518571428571429,7.246876,3.904486,0.79192746,0.16731268,7.302291,0.90219104,0.341188443637335,0.86,2.75,3.82031,56.7906657875,3.851619959,100,93.5383247536871,3.07181,10.877751,-0.5276327,81.03658,12.3,0.91275,13.19,0.659,192,0,5.1870003
"Azerbaijan","AZE","Asia",0.467851645372027,40.28825,1.6715407,1811.293,0.5836595,3.1101233445146,0.21397384,-0.74790394,-0.52164626,-1.0525922,2.25,1.5,2.4,3,0.717142857142857,0.41,0.762857142857143,NA,NA,NA,21.651785,NA,1.2331889,-0.31736234,-0.8169162,0.59345704,0.16680641,4.249374866,1.1753814,NA,0.63877857,4.34,0.21345402,3.377924,1.8204116,0.39247853,5.364913,3.177232,2.9849505,NA,0.136428571428571,0.396428571428571,4.9536424,3.68592,0.57510877,0.23148097,6.4223075,0.6349219,0.935767586238446,0.761538461538461,3.66,3.9728913,57.7056249,4.211022854,3.4737133213658,65.0199887285499,0.22244,9.558951,NA,71.5718,10.47526,0.741,14.31,1.138,203,0.071458966,5.268
"Belgium","BEL","Europe",0.229459243941215,50.6418,0.38779688,1586.8147,0.113282844,2.10191763288619,-1.2691753,1.412801,1.4730235,1.5502055,4,3.75,3.6,3.3333333,0.776428571428571,0.505,0.435,1.04,75,94,56.69643,119.8,NA,NA,NA,0.3151711,0.1582996,3.959352732,NA,0,0.69261974,6.16,0.32135892,3.5677764,NA,0.5247155,6.14332,3.3698106,3.253111,47.230534,0.370769230769231,0.413846153846154,6.9730096,3.952786,0.8052887,0.23860013,6.4364996,0.8636753,0.50955424866129,0.8125,3.29,4.5163813,58.4954470375,4.182029724,87.0391134205453,96.4964300127295,2.45668,10.795582,-1.7147983,80.66683,11.92251,0.91975,11.38,0.828,192,0,7.821
"Bangladesh","BGD","Asia",0.217272026246506,23.84839,0.18641046,1538.4824,0.071057186,3.79624990023045,0.6166539,-0.7730832,-0.75139886,-0.9369799,1.25,1.5,1,3,0.683333333333333,0.731333333333334,0.766,NA,20,60,19.642857,6.6,NA,NA,NA,0.55616474,0.19475073,2.913437128,1.4022557,0.721186,0.69889504,7.45,0.19124116,3.3064053,1.9348371,0.29343775,NA,2.9721494,2.7885025,1.1550294,0.174,0.528666666666667,4.7498817,3.609751,0.64500993,0.23167798,6.4140472,0.74643713,0.772075969587793,0.932307692307692,NA,4.0523744,43.6465521666666,3.148226738,0.709776939136194,75.1006426185339,0.4,8.107039,4.0280266,70.6812,5.2,0.58675,28.28,0.437,204,0.061875403,4.236
"Bulgaria","BGR","Europe",0.548916557431003,42.765347,1.4794745,2260.803,0.14943863,2.77561226053581,-0.45021054,-0.075961225,0.14865148,-0.2208891,2.5,3,2.2,2.3333333,0.540769230769231,0.2125,0.260833333333333,0.01000011,30,85,15.848214,60.4,1.1003093,0.004450721,-0.6323641,0.43970212,0.15345396,3.219311476,1.0853405,0.7683854,0.5522134,2.42,0.08758149,3.1348886,2.1886501,0.32109463,4.6237717,3.2618847,2.9708056,4.8108754,0.186153846153846,0.38,4.40516,3.535445,0.59775996,0.22920322,5.8161545,0.63178253,0.749651180188949,0.419,3.48,5.2188516,46.4546799666666,3.590582132,31.4463358454021,79.1897722225515,0.95657,9.839749,1.4793292,74.19341,11,0.8035,11.88,1.184,202,0,9.348
"Bosnia","BIH","Europe",0.395080524428207,44.175125,2.31148,1981.8788,0.11681224,3.36128463464746,0.3483962,-0.2706451,-0.55605376,-0.36176124,3,3,2.6,2,0.666153846153846,0.305,0.199,-0.27000034,NA,NA,44.19643,51.9,NA,NA,NA,0.38947096,0.21990176,2.467986584,0.9499057,NA,0.6210321,2.71,0.059669737,3.0934963,2.2629561,0.35766488,4.595371,3.5366557,3.284955,NA,0.342307692307692,0.363846153846154,5.0178194,3.7551687,0.56439316,0.3223493,6.6619267,0.44509238,0.827979752443708,0.461,NA,5.476754,38.9543424041666,3.137771845,7.50839524449704,63.8753119014082,0.21897,9.383565,-0.35667497,76.4443,9.00115,0.7535,11.18,1.29,198,0.10919929,25.902
"Belarus","BLR","Europe",0.41342605070475,53.542393,0.16429886,1710.9302,0.59833896,2.8180900899605,-1.3367326,-0.92955935,-0.79949945,-0.47739905,2,2,2.2,1.6666666,0.502142857142857,0.436428571428571,0.51,NA,NA,NA,14.955358,60.5,0.71659654,-0.04440085,-0.80384785,0.3067251,0.100780725,NA,1.0408533,0.11510772,0.65184915,3.38,0.31610772,3.0076904,2.1965997,0.4337096,5.5264244,3.173237,3.0299983,17.389412,0.153571428571429,0.302857142857143,5.5666327,3.2157204,0.5647065,0.21213822,6.041554,0.6593118,0.73543972030741,0.537692307692308,NA,4.3721986,NA,NA,NA,NA,NA,9.78868,-1.89712,72.08098,NA,0.8105,7.96,0.958,202,0,6.019
"Bolivia","BOL","Americas",0.329269274648662,16.710423,0.8526116,1305.6171,0.6550145,3.62858368568079,-0.6353207,-1.0752848,-0.51491004,-0.6216046,1,2.25,2.2,3.3333333,0.3,0.228666666666667,0.413333333333333,-0.5450001,NA,NA,NA,NA,NA,NA,NA,0.20975114,0.13509396,2.52762866,0.9204967,0.61599463,0.7201625,5.42,0.085979484,3.0815053,1.7356071,0.4907452,NA,2.6330097,3.211473,3.466643,0.211333333333333,0.514,5.7848673,3.5121007,0.77214664,0.38961917,7.4765663,0.8228222,NA,0.923846153846154,NA,NA,36.6878817458333,2.626777649,1.12463579752453,69.1112552395039,0.15665,8.897438,2.6571467,69.1158,8.6,0.691,9.56,0.81,216,0,2.691
"Brazil","BRA","Americas",0.511920230986408,10.774934,0.23977461,1377.218,0.6422286,3.61517027014338,-0.92327654,-0.11781954,-0.13455287,-0.16196878,2.3333333,2.75,2.2,3.6666667,0.452,0.398666666666667,0.354666666666667,0.2750001,38,76,59.151787,NA,0.46451688,0.39664245,-1.3797835,0.27220267,0.16751972,2.540714264,0.8539491,0.40407035,0.62652224,6.38,0.06525701,3.0016801,2.0236897,0.48068088,4.884328,3.2964761,3.2544038,9.933972,0.234285714285714,0.489285714285714,6.760333,3.9135456,0.7871667,0.28904608,7.532163,0.7905787,NA,0.68,3.22,3.5559235,51.6256769458333,3.808078766,19.8375126681487,91.1629009930983,1.16755,9.611116,2.2512918,74.2923,7.44687,0.75,11.33,0.758,248,0,8.419
"Botswana","BWA","Africa",0.412003406531862,22.188948,0.18068089,728.80225,0.7639148,3.58265271961105,0.65493065,0.62459946,0.46653205,0.93086904,1.5,2,2,4,0.631666666666667,0.749166666666667,0.753333333333333,NA,NA,NA,NA,NA,NA,NA,NA,NA,NA,3.152597189,NA,0,NA,5.1,0.36830688,3.2495067,NA,0.56726193,NA,NA,NA,8.942005,0.125,0.595833333333333,4.0317006,NA,0.7104887,0.22216111,NA,0.8200912,NA,0.907272727272727,NA,NA,44.1009392333333,3.147493839,0.360317979433916,66.9131796760209,0.5423,9.662245,3.583519,63.6327,8.86999999999999,0.70425,8.82,2.076,199,0,17.454
"Switzerland","CHE","Europe",0.168290085677197,46.80615,4.7611747,860.339,0.27761525,2.25763568209328,-1.2358642,1.8495035,1.9621462,2.0846717,4,3,3.6,4,0.892,0.791,0.765,1.4474998,68,58,66.07143,NA,0.07242273,0.77226144,-0.9952913,0.58154595,0.293505,5.431520462,0.6997554,0,0.8387468,7.21,0.50556344,3.4346292,2.6627917,0.745064,6.815623,3.5161195,3.3494284,43.029552,0.527,0.45,7.5496306,4.1202583,0.8096758,0.18905552,7.3477116,0.92880887,0.284985899491039,0.8775,NA,4.5992136,66.5572941291666,4.361450672,100,99.6321437100823,2.96635,11.084946,-3.218876,82.772194,13.72879,0.94475,9.01,0.07,194,0,4.526
"Chile","CHL","Americas",0.52886447475827,37.936687,2.4805446,255.23645,0.0740629,3.02977842564772,-1.166038,1.2989209,1.1566446,1.3854206,3.25,3.75,3.4,2.6666667,0.579333333333333,0.224,0.351333333333333,0.034999967,23,86,68,86.8,0.2960421,0.33160365,-0.9534403,0.37902352,0.24574062,3.216409206,0.92744696,0.7722884,0.71344644,5.17,0.17649743,3.2034535,2.1246574,0.47544032,5.177089,2.9222536,3.320435,3.545034,0.432666666666667,0.554,6.5060563,3.7572818,0.82287467,0.30025673,7.1867,0.72890294,NA,0.871538461538462,3.63,4.310786,50.5317409833333,3.361976624,28.7483474022298,84.5213527721608,0.38444,10.044904,0.65232515,79.2016,10.6,0.83225,33.41,0.974,201,0.017094433,7.611
"Cameroon","CMR","Africa",0.756487025948104,5.697279,0.51484984,1355.1898,0.38926458,3.842,0.7798935,-1.0401244,-0.83893883,-1.1292224,2,2.25,1.2,2,0.556666666666667,0.451333333333333,0.529333333333333,-1.605,NA,NA,NA,NA,NA,NA,NA,NA,NA,3.330126524,NA,0.8415367,NA,6.36,0.1309271,3.0854976,NA,0.5407847,NA,NA,NA,0.33049366,0.192,0.621333333333333,4.5705714,NA,0.6264134,0.2967478,NA,0.7512868,NA,0.841538461538461,NA,NA,40.7836983583333,3.181490421,0.312463814788928,69.5233019149096,NA,8.092823,3.8501475,56.3351,6.4,0.53775,20.34,0.095,222,0.03390155,3.663
"Democratic Republic of the Congo","COD","Africa",0.604354540471507,2.8792655,0.44332957,1527.4435,1.016039,3.81709282733654,0.5859679,-1.5993747,-1.6243314,-1.3471118,0.75,2.25,1.8,1.6666666,0.43125,0.35625,0.35875,NA,NA,NA,NA,NA,NA,NA,NA,NA,NA,2.647602081,NA,0.62325466,NA,7.05,0.3949752,NA,NA,0.51929593,NA,NA,NA,2.219211,0.11125,0.38,4.348441,NA,0.5845329,0.26750985,NA,0.58709323,NA,0.73,NA,NA,36.1379385,3.09704566,0,58.705924430471,0.07981,6.8612504,4.5152454,58.0487,6.75948,0.4585,11.8,0.462,227,0.066691376,4.162
"Colombia","COL","Americas",0.431491456902393,3.8380926,0.88523346,928.6666,0.37928468,3.67016254519777,-1.4233196,-0.33085483,-0.039583445,-0.337499,2.75,2.75,2.8,3,0.523333333333333,0.295333333333333,0.382666666666667,0.09500015,13,80,83.03571,NA,0.58876336,0.21593037,-1.2229824,0.30497485,0.18820557,3.560343742,1.0481132,0.1544348,0.76788336,6.13,0.08948028,3.1234288,1.8785024,0.5706476,5.5820904,3.0961065,3.3220785,13.280312,0.222,0.614666666666667,6.3520913,3.9701748,0.8321587,0.28660855,8.053199,0.81128645,NA,0.86,3.32,3.6756887,46.5682943666666,3.359109402,10.9273485713644,80.1014343683231,0.24177,9.473093,2.7479117,75.9731,8.06293,0.75025,14.65,0.423,234,0.017094433,9.764999
"Costa Rica","CRI","Americas",0.41591631904398,9.968779,2.1122668,1067.2037,0.031319965,3.61565623009089,-1.4552372,0.5056346,0.3614012,0.6619916,3.75,3.25,3.8,3.6666667,0.5,0.443333333333333,0.367333333333333,0.43999994,15,86,NA,NA,NA,NA,NA,NA,NA,3.619878769,NA,0.34879532,NA,5.44,0.13229612,3.2966425,NA,0.60771775,NA,NA,NA,9.767788,0.314,0.586666666666667,7.185769,NA,0.86639285,0.2614444,NA,0.90742195,NA,0.910769230769231,NA,NA,51.175987725,3.537565947,12.2407728497893,74.8821584990714,0.5769,9.778814,1.4539529,79.1728,8.60046,0.7905,43.49,0.242,212,0,8.315001
"Czech Republic","CZE","Europe",0.213752714473454,49.739147,0.8836968,1521.008,0.4258906,1.78518234351416,-0.93754786,1.0397574,0.96599877,0.38249737,3.6666667,3.25,3.2,3,0.667692307692308,0.392307692307692,0.316153846153846,0.46500003,58,74,29.464285,59.6,NA,NA,NA,0.5227892,0.09180624,3.399744749,1.0182976,0,0.58974993,2.26,0.3065873,3.128991,2.298636,0.40981698,5.1443577,3.1847599,3.0615785,38.768826,0.235,0.306666666666667,6.528732,3.6177294,0.6868651,0.23438081,6.673182,0.7903832,0.439266114440354,0.581666666666667,2.89,5.1807246,54.2576362708333,3.863146782,61.5810312004173,87.8817292821529,1.94865,10.462263,-2.207275,78.100975,12.84402,0.88625,10.77,0.869,202,0,5.697
"Germany","DEU","Europe",0.133588767615088,51.10954,0.59744227,1619.3899,0.24568139,2.29095563243793,-1.0146278,1.6845698,1.6285926,1.8038797,4,4,4,3.6666667,0.836666666666667,0.642666666666667,0.516,1.4200001,67,65,40.401787,82.9,0.11556397,0.4373284,-1.151427,0.6689225,0.278129,5.240727901,0.9387207,0,0.73231757,7.09,0.38152918,3.598614,2.345438,0.64390403,5.754401,3.4178357,3.206421,57.46739,0.486428571428571,0.532142857142857,6.814605,3.7132196,0.77381676,0.19228007,7.0015407,0.86564,0.319413630728208,0.813076923076923,3.31,4.734761,70.7946558791666,4.987195492,100,100,2.87749,10.813837,-2.4203682,80.474144,14.06838,0.93625,11.52,0.604,199,0,5.614
"Djibouti","DJI","Africa",0.370960829996443,11.735135,2.4318628,8.74024,0.037514847,3.82287239614594,0.9589097,-0.81064737,-0.9637107,-0.5066209,NA,NA,NA,NA,0.775,0.5525,0.66,NA,NA,NA,NA,NA,NA,NA,NA,NA,NA,NA,NA,NA,NA,NA,0.37655717,NA,NA,0.48847467,NA,NA,NA,NA,0.1975,0.4775,4.822565,NA,0.66533875,0.1776392,NA,0.7332356,NA,0.8,NA,NA,NA,NA,NA,NA,NA,8.40519,3.7054088,62.1312,NA,0.48875,26.79,1.621,200,0.02409755,11.398001
"Denmark","DNK","Europe",0.0918170042617608,55.986893,0.18851958,1373.0721,0.01915555,2.08279399795354,-1.2722708,1.940084,1.9998301,2.3271291,4,4,4,4,0.818,0.848666666666667,0.573333333333333,1.345,74,23,69.64286,65.5,NA,NA,NA,0.7446998,0.30393523,5.510131359,0.723143,0,0.80210197,7.09,0.6513436,3.4838915,2.9388173,0.7354594,8.004545,3.4923515,3.371353,53.001373,0.573571428571429,0.513571428571429,7.6494985,4.112473,0.8017671,0.19929144,7.3516107,0.9437053,0.374026465371725,0.822307692307692,NA,4.754881,66.6015267375,4.666750431,98.0626612306855,95.5615551389553,3.01387,10.866779,-1.4696759,79.96536,12.42551,0.93025,11.85,0.682,189,0,6.582
"Dominican Republic","DOM","Americas",0.551804562143252,18.895393,1.6405151,1797.8778,0.02876395,3.69842090969547,-1.5541611,-0.59662956,-0.48705766,-0.8024153,1.6666666,2.75,1.2,2.3333333,0.428666666666667,0.322,0.494,NA,NA,NA,54.24107,NA,NA,NA,NA,0.3883249,0.09898477,2.657725573,NA,0.8001504,0.6954315,6.03,0.26448363,3.2577152,NA,0.6396331,NA,3.24,2.9670887,1.8300015,0.254,0.594666666666667,5.14674,3.9082127,0.77134305,0.29311067,7.3728395,0.8600341,NA,0.833076923076923,4.13,3.4567308,46.6779361208333,3.230887175,4.34847391739587,60.8002074815391,0.01,9.542402,2.2353764,72.6385,7.82541,0.73,24.85,0.954,198,0.017094433,6.304
"Algeria","DZA","Africa",0.715229752872314,28.1682,0.5097506,106.03268,0.7522285,3.56084397979431,1.0900515,-0.7947725,-0.5418888,-0.574382,2.25,2.5,1.6,2.3333333,0.78,0.404,NA,NA,NA,NA,32.36607,19.2,0.5813784,-0.17199072,-0.8728059,0.27491644,0.1659016,2.947190762,1.3873138,0.70623577,0.57050323,NA,0.14574072,3.0807774,1.6862829,0.49437666,5.414698,3.223229,2.9504714,3.5921047,0.15,0.47,5.5550036,3.64081,0.6165243,0.26546007,6.6601014,0.53639776,0.9021940908921,0.814285714285714,3.39,5.410027,34.3140065666666,2.933778524,0.917900456430102,72.0873747540438,0.14,9.332151,1.3083328,75.4954,8.69999999999999,0.7355,16.51,1.491,203,0.035091322,10.582
"Ecuador","ECU","Americas",0.459344634954412,1.4340893,1.2775224,933.69727,0.15748966,3.65824802225018,-1.309034,-1.0481304,-0.5631167,-0.6828027,2.25,2.75,1.8,2.6666667,0.544,0.318,0.468,NA,8,67,NA,NA,0.36009344,0.25601852,-0.55331206,0.30168566,0.1964136,3.298136473,0.95099866,0.6149041,0.6827107,6.13,0.06514514,3.1723247,1.8102376,0.44132036,5.610553,2.942524,3.3678746,5.1918116,0.179333333333333,0.422,5.8796263,3.9116397,0.84545845,0.29379755,7.7140827,0.77460957,NA,0.915384615384615,NA,3.8343096,42.7017569541666,3.053112507,2.65081990878725,72.163128543241,0.44148,9.324792,2.4882345,75.6195,8.68422,0.7515,17.96,1.043,219,0,3.794
"Egypt","EGY","Africa",0.618979321267003,26.561623,0.7230667,5.0824986,0.32476133,3.73007653614837,1.3558155,-0.42951965,-0.6141641,-0.62951255,1.75,2,2,1.6666666,0.561666666666667,0.714,0.601666666666667,-1.2499998,NA,NA,4.241071,3.9,1.1254884,-0.18621828,-1.4444158,0.4752893,0.085983984,2.563925743,1.5200628,0.3370412,0.6810373,3.5,0.21322294,3.3771253,2.0537515,0.41594648,5.30385,3.2704904,2.6124616,9.160173,0.157142857142857,0.529285714285714,4.443735,3.6698556,0.5801254,0.36087382,6.110177,0.5664185,0.970258308321008,0.879230769230769,NA,3.7838502,43.1322962041666,3.086571455,3.46504207293997,79.8787259084001,0.72269,9.247277,3.2051826,70.8243,7.6,0.6855,3.72,1.149,217,0.03390155,11.428
"Spain","ESP","Europe",0.326597666383177,40.23053,1.6891483,1563.9358,0.13147116,2.4056685556495,-1.490874,1.0669969,1.0646855,0.8693367,3,3,2.8,3,0.758666666666667,0.390666666666667,0.349333333333333,1.02,51,86,43.526787,83.9,0.43434346,0.115739316,-0.7005456,0.3581823,0.27797404,3.00795579,0.9998978,0,0.73214996,7.44,0.31964642,3.3578334,2.3914094,0.54622614,5.30083,3.3770783,3.2561176,36.242405,0.293571428571429,0.495,6.402623,3.805886,0.7157821,0.32351735,6.8017616,0.7705597,0.624097632341683,0.797692307692308,3.92,5.380788,46.8937466541666,3.231058836,61.7223016315473,97.8700496066101,1.21961,10.530924,0.32930374,82.49317,9.91042,0.8895,11.74,1.559,202,0.017094433,20.46
"Estonia","EST","Europe",0.447266751884674,58.67318,0.12262832,1193.5208,0.13479422,1.97226419490028,-0.80251205,1.2242508,1.0547576,1.1442503,3,3,3.2,2.3333333,0.68,0.495714285714286,0.367142857142857,-0.014999986,60,60,16.294643,55.4,0.44661108,0.14483054,-0.74391156,0.3437329,0.1228343,4.471854687,0.98629594,0,0.70759165,2.37,0.42488304,3.253135,2.3489294,0.4787039,5.980262,3.166431,3.063748,44.37301,0.193571428571429,0.375714285714286,5.508981,3.4341574,0.68123454,0.19857761,6.390641,0.7479093,0.658418730559582,0.521666666666667,3.42,4.556736,56.6387693083333,4.018448353,60.0338627973152,80.0349727751196,1.49502,10.29799,0.10436003,76.40805,12.9,0.87125,6.52,0.869,198,0,9.276
"Ethiopia","ETH","Africa",0.254666666666667,8.621902,1.5696058,1180.6589,0.46637595,3.76,0.07977278,-0.6316881,-0.5249782,-0.5680665,1.75,2.5,2.2,3.3333333,0.65125,0.59375,0.7725,-1.265,NA,NA,46,NA,0.18963672,0.2367951,-0.36879227,0.582659,0.27371156,3.530461073,1.0424676,0.6113891,0.4096604,5.19,0.5294118,3.5523605,2.2007644,0.38402218,4.5431848,3.5895195,3.2093284,0.33324692,0.212222222222222,0.471111111111111,4.427327,4.040474,0.683083,0.24139684,6.824035,0.74011916,NA,0.907142857142857,NA,5.4253883,42.4551337916666,3.605252504,0.255871120291372,70.8194493311297,0.60468,7.3259125,4.2731876,63.2549,2.9,0.453,11.68,0.716,221,0.12921172,2.247
"Finland","FIN","Europe",0.10089073430527,64.481476,0.32765502,284.2355,0.32431334,2.24347854296281,0.30860728,1.9905015,2.0722194,2.2280684,3.25,3.75,3.6,3,0.870769230769231,0.746923076923077,0.589230769230769,1.075,63,59,57.36607,74.5,0.5092506,0.6871986,-0.9249413,0.56028396,0.2843662,5.428792,0.79512787,0,0.8349485,6.58,0.60074043,3.5338874,2.7362695,0.70858383,6.455792,3.4811769,3.3747175,44.189613,0.397692307692308,0.492307692307692,7.5070615,3.8672917,0.7847734,0.18834831,7.6091576,0.9333008,0.4020391097445,0.778181818181818,3.37,4.739907,63.7045065541666,4.438501358,100,93.3588094224413,2.90474,10.740077,-2.3025851,80.695366,14.2,0.92725,8.22,0.4,192,0,8.217
"France","FRA","Europe",0.203213932185618,46.560143,1.0976835,1811.9025,0.17200105,2.20392315163882,-1.5258346,1.4546808,1.4272743,1.390981,4,4,2.8,2.3333333,0.77,0.535333333333333,0.375333333333333,1.56,71,86,47.767857,99.6,-0.2224537,0.33494723,-0.88509405,0.28732795,0.19257337,3.694999695,0.7471404,0,0.79976,6.46,0.23601541,3.3232443,2.6241279,0.5753814,6.0818114,3.4076524,3.188026,39.63914,0.291428571428571,0.352857142857143,6.630006,3.8171513,0.7765179,0.2526821,6.4847155,0.8344906,0.315653462106888,0.724615384615385,NA,4.9363794,52.6906410833333,3.803221464,91.5272328381092,100,2.23135,10.671787,-2.5257287,82.07854,11.32049,0.891,9.62,0.948,209,0.017094433,9.289
"United Kingdom","GBR","Europe",0.133739697945237,54.15017,0.5684037,824.7928,0.034159403,2.15496293093155,-1.269476,1.7359298,1.5712277,1.726661,4,4,3.8,4,0.723333333333333,0.625333333333333,0.410666666666667,1.1000001,89,35,69.41964,89.3,0.1877997,0.43259206,-0.63794935,0.46746138,0.28276327,5.058168411,0.755815,0,0.7924218,6.61,0.37046435,3.492732,2.6854796,0.6290944,6.03369,3.5305412,3.365811,35.200447,0.702142857142857,0.588571428571429,6.8791614,3.9840055,0.8118849,0.21454783,7.105509,0.84345937,0.25037415919303,0.809230769230769,3.55,4.981345,68.8130597291666,4.723607063,84.9139554815669,100,1.70304,10.6844845,-1.0788096,80.75878,12.69257,0.9215,12.58,0.848,197,0.017094433,6.495
"Georgia","GEO","Asia",0.521835320653074,42.178658,3.6587021,1639.3657,0.18133283,3.43631787402929,0.4706407,0.03483752,0.46319354,0.365985,3,2.25,2.8,2.6666667,0.789333333333333,0.355333333333333,0.46,-0.38499987,NA,NA,31.919643,NA,1.2436309,-0.21725199,-1.1114337,0.5377022,0.07777383,3.117244959,1.1013185,0.17452952,0.60674363,3.05,0.14389841,3.462852,2.2244043,0.46824998,6.387091,3.6639493,3.1241522,1.9742905,0.0506666666666667,0.434666666666667,4.217357,3.3636441,0.53660345,0.23135436,6.212545,0.64675885,0.7841357786,0.544615384615385,3.99,4.1015463,47.0218042541666,3.596871138,8.59219306566102,73.4643405933653,0.32046,9.334179,3.1293886,72.2169,12.6064,0.78075,14.58,1.108,200,0.105360515,18.197
"Ghana","GHA","Africa",0.463836418800768,7.962766,0.22754921,1541.7031,0.28312847,3.87031818524644,1.1213567,0.038990434,-0.10283895,-0.107483625,2.75,3,2.6,2.3333333,0.611333333333333,0.613333333333333,0.6,-1.0799999,NA,NA,72.32143,NA,0.04709947,0.34820402,-0.46751148,0.3273486,0.13161474,3.374667645,0.8572435,0.6577913,0.6806009,6.91,0.30160037,3.1508512,2.1178455,0.53422064,4.701499,3.1738117,3.3542724,2.190569,0.293333333333333,0.595333333333333,4.724159,4.229554,0.72257435,0.22242002,7.1905274,0.7874869,NA,0.942307692307692,NA,5.4072075,53.7452330166666,3.898716688,0.419592280931158,71.3077298264438,0.37655,8.367619,3.404525,61.8831,6.5,0.58675,16.38,0.573,217,0.017094433,5.606
"Guinea Bissau","GNB","Africa",0.389904967305519,12.013146,0.4910146,1630.0474,0.04520012,3.89814749944948,0.73278624,-1.3998687,-1.3398674,-1.3429214,NA,NA,NA,NA,NA,NA,NA,NA,NA,NA,NA,NA,NA,NA,NA,NA,NA,NA,NA,0.85048544,NA,7.01,0.52241486,NA,NA,NA,NA,NA,NA,0.44397882,NA,NA,NA,NA,NA,NA,NA,NA,NA,NA,NA,NA,NA,NA,NA,NA,NA,7.487891,4.447346,55.7775,NA,0.45725,18.86,0.042,204,0.022472857,3.016
"Greece","GRC","Europe",0.662733308965634,39.0434,3.102582,1725.2952,0.028878348,3.32557066233976,-0.9375671,0.44309554,0.4246717,-0.06195352,3,1.75,2.6,2,0.622857142857143,0.439285714285714,0.267142857142857,0.7449999,35,112,49.55357,58.3,NA,NA,NA,0.47559628,0.16950214,2.664435387,1.3791419,0.50265855,0.504884,3.34,0.11248702,2.959129,1.8441292,0.2392942,4.1357927,3.4128625,3.326245,28.620981,0.0846153846153846,0.376153846153846,5.3218217,4.1411963,0.6535059,0.33705226,6.598566,0.4527479,0.619782184080835,0.593333333333333,3.99,NA,41.4369871208333,2.98740077,43.5838967121612,89.2301427653912,0.95673,10.347158,0.67803353,80.82634,10.74311,0.874,22.89,1.066,202,0,19.629
"Guatemala","GTM","Americas",0.357624881147297,15.6972885,1.8073806,1526.9225,0.099074624,3.82460005393858,-0.6358804,-1.0273558,-0.681908,-0.6464974,1.75,2,2,2,0.448571428571429,0.407857142857143,0.393571428571428,NA,6,101,NA,NA,NA,NA,NA,0.26967418,0.112045646,2.88572979,0.8841618,0.9565952,0.58975935,4.59,0.16478008,3.1611981,2.1029205,0.42449653,NA,3.2323384,3.418179,0.35634926,0.336428571428571,0.528571428571429,6.2424884,3.9250767,0.8465787,0.29253948,7.5921755,0.797117,NA,0.898461538461538,NA,NA,54.7102520875,3.567271948,0.474595749700885,65.0199887285499,0.04468,8.953867,3.1945832,72.3568,7.08275,0.64025,36.52,0.088,212,0,2.912
"Honduras","HND","Americas",0.544754217876463,14.821556,2.150366,1667.7795,0.07740393,3.84047795234968,-1.5059031,-0.99837136,-0.6762461,-0.81536394,2,2,2.4,2.3333333,0.426428571428571,0.34,0.338571428571429,NA,NA,NA,NA,NA,NA,NA,NA,NA,NA,3.17465353,NA,0.8343296,NA,5.15,0.1282688,3.3353975,NA,0.42437443,NA,NA,NA,NA,0.311428571428571,0.487857142857143,5.3165565,NA,0.82250845,0.27668327,NA,0.7154298,NA,0.866153846153846,3.89,NA,50.092488525,3.389168024,0.254642325818432,59.8769160980303,NA,8.541304,3.450305,73.8987,6.2908,0.6185,20.25,0.52,208,0,4.994
"Croatia","HRV","Europe",0.302819118327449,45.02597,1.2674745,2279.9512,0.11257584,3.08835813748867,0.3483962,0.24690905,0.6030705,0.1054297,3.25,3,2.6,3.3333333,0.685384615384615,0.371,0.274,0.13499999,33,80,33.25893,55,NA,NA,NA,0.4719306,0.16176832,2.283135891,0.72029155,0,0.6797451,2.39,0.1329131,3.0594723,2.497278,0.41693407,5.00614,3.3443832,3.1368847,42.389973,0.216153846153846,0.32,5.519282,3.5498536,0.6140699,0.28808346,6.9569364,0.59992963,0.697285215551579,0.385,NA,5.018057,36.3353639875,2.942270041,32.9425335303204,80.3426064905479,0.85439,10.121486,0.5500463,76.998535,11.2,0.83375,12.11,1.115,202,0.03774033,13.4
"Hungary","HUN","Europe",0.207758265861486,47.166145,0.34640607,2590.3054,0.46699333,2.29853383045692,-0.117983155,0.6320091,0.60230535,0.28485382,2.5,2.5,2.6,2.6666667,0.679285714285714,0.455,0.323571428571429,0.50000024,80,82,31.473215,42.8,0.29939923,0.25423887,-1.3951726,0.6724925,0.12517618,3.301347017,0.8942603,0,0.6130397,1.69,0.17730856,3.3998668,2.478126,0.4001799,5.4220495,3.1962342,3.1444073,43.19802,0.200769230769231,0.395384615384615,5.13045,3.380624,0.67539364,0.25508314,6.4512515,0.5688425,0.568952313868598,0.388333333333333,3.29,5.248127,39.4153485666666,2.88704133,55.8564604486988,87.6975904366468,1.37762,10.172466,-0.30110508,75.05146,12.27265,0.83925,15.24,1.453,199,0,8.505
"Indonesia","IDN","Asia",0.292450368494654,2.2258635,0.96719503,990.6946,0.061867934,3.90393063702361,-0.52977973,-0.50514793,-0.17100592,-0.581136,2,2.25,1.2,2,0.826,0.554666666666667,0.709333333333333,-0.5949999,14,48,37.723213,3.1,0.79670143,0.08514023,-0.32906276,0.6715172,0.082245074,4.165945053,1.0865717,0.15393372,0.47715026,3.93,0.3293723,3.1223452,2.008866,0.39799574,6.665946,3.435536,2.957254,NA,0.682666666666667,0.412666666666667,5.2452493,3.872833,0.8553136,0.257814,7.432042,0.7702181,0.963675820455277,0.946153846153846,3.53,3.8561525,61.1278673,4.307737827,1.46535256069439,77.1516225305262,0.08466,9.132223,3.6591933,69.9696,7.91448,0.68925,20.97,0.772,236,0.050430857,4.9630003
"Ireland","IRL","Europe",0.190114303100847,53.180687,0.51300544,706.3785,0.03452973,2.56702367654263,-1.2616296,1.6955516,1.442715,1.6114991,3.25,4,3.4,3,0.757142857142857,0.652857142857143,0.494285714285714,0.885,70,35,64.95536,71.2,NA,NA,NA,0.45996585,0.23377745,4.156440258,NA,0,0.7023828,7.74,0.40809575,3.5962188,NA,0.6667267,6.283134,3.593661,3.2757452,32.258953,0.656428571428571,0.595714285714286,7.055236,4.2767777,0.8354509,0.2131272,7.131459,0.8916706,0.355077245955715,0.835833333333333,NA,4.8825912,65.5324697458333,4.287940979,80.6580700308068,89.7115194056226,1.51368,11.001517,-0.6348782,81.018295,12.5,0.92775,16.68,0.298,187,0,11.53
"Iran","IRN","Asia",0.666302981814759,32.560455,2.4452891,543.6896,0.46053523,3.65201944119421,1.1297312,-0.9125772,-0.43304816,-0.7659634,1,2,1.8,2.3333333,0.699166666666667,0.561666666666667,0.63,-0.7149998,41,59,40.401787,31.5,0.4772857,0.17920735,-0.8739462,0.47379896,0.21205588,3.007039547,1.0641967,0,0.5161859,3.95,0.30267987,3.3625846,2.1886961,0.5234315,4.692453,3.0747416,3.1212304,26.295252,0.460909090909091,0.564545454545455,4.805837,3.88577,0.6391982,0.47211212,6.86846,0.74307173,0.856968560381688,0.729090909090909,4.25,6.0530305,41.8798039333333,3.496217489,1.44450929632639,81.3309961480916,0.32505,9.5040045,1.1314021,74.8295,8,0.76925,10.96,1.289,214,0.050430857,11.765
"Iraq","IRQ","Asia",0.718226098426603,33.0509,0.670362,426.80582,0.4556358,3.81169731997825,1.5476506,-1.5401179,-1.1839274,-1.3175544,0.5,0,1.2,1.6666666,0.654615384615385,0.472307692307692,0.413076923076923,NA,NA,NA,16.741072,NA,0.6082055,0.13062252,-1.2772279,0.26612836,0.122608736,NA,1.4027572,0.6259983,0.7704326,3.42,0.32909277,3.470542,2.0094776,0.534429,5.6470094,3.443253,2.90471,5.7046237,0.226923076923077,0.657692307692308,4.645033,3.7549703,0.5064238,0.51485544,6.158336,0.49306983,0.954367355178423,0.680909090909091,NA,4.8521066,NA,NA,NA,NA,NA,9.212134,2.6946273,69.2575,NA,0.64925,10.78,1.108,201,0.017094433,9.577
"Italy","ITA","Europe",0.179150092627429,42.7889,2.4579551,1834.0343,0.058425333,2.60139115137071,-1.17404,0.38691458,0.42588776,0.11554294,3.5,2.25,2.8,2.6666667,0.748,0.346,0.277333333333333,0.64499986,76,75,29.6875,67.8,NA,NA,NA,0.3876515,0.13152514,3.611796856,0.9063401,0,0.6487372,6.49,0.29889366,3.0844772,2.2309341,0.39178082,5.437571,3.309686,3.1449099,45.161266,0.374285714285714,0.415714285714286,6.140125,3.7309575,0.686993,0.31399232,6.196105,0.607325,0.252128728706183,0.576153846153846,NA,4.200152,45.5084045708333,3.193244934,76.3892657748746,100,1.33488,10.640461,0.5538851,82.41,10.1604,0.88225,15.17,1.062,204,0,10.148
"Jordan","JOR","Asia",0.651989630530769,31.249563,1.0967437,137.73682,0.18891326,3.83613224164341,1.0349524,0.33245537,0.107838996,0.17180605,2.5,2,2.2,3,0.875,0.743333333333333,0.785,-0.49499977,NA,NA,43.080357,5.1,0.60593307,-0.2925365,-0.8977303,0.34254235,0.13537882,3.678175926,1.2546637,0.505301,0.7138449,2.99,0.21940663,3.2893581,2.1077557,0.4867608,5.966543,3.41807,2.9818597,12.313672,0.171428571428571,0.482142857142857,5.316012,4.1583996,0.6436038,0.3152215,7.3834205,0.74853706,0.937354677526222,0.807692307692308,NA,5.626982,49.6385822666666,3.685394287,13.1486207054951,72.6463027276065,0.4347,9.28009,0.8754688,73.747,10.3,0.7305,9.18,1.218,195,0.017094433,13.184
"Kazakhstan","KAZ","Asia",0.603651645033325,48.179966,0.372478,608.05536,2.2061734,2.90718031394531,0.22743663,-0.5919318,-0.28489694,-0.90696937,1.25,2.75,1.8,3.6666667,0.542666666666667,0.468666666666667,0.707333333333333,NA,NA,NA,NA,NA,0.60249996,-0.11118947,-0.8782745,0.42249095,0.12818007,3.716646671,1.0479212,NA,0.57759976,4.28,0.3226969,3.2269785,2.17406,0.4283926,6.021481,3.3027415,3.1650672,10.653294,0.198,0.38,5.744988,3.7069135,0.70615125,0.1610888,6.8484364,0.79348403,0.682495436019576,0.71,3.3,4.627793,50.489808125,3.567582846,6.10289226384362,64.5221323198704,0.16944,10.027383,-0.24846132,70.16566,11,0.79575,9.54,1.499,206,0,5.468
"Kenya","KEN","Africa",0.23665241295052,0.53412604,0.66906995,1188.0876,0.4088655,3.8451979134704,0.58665586,-0.7146461,-0.4603849,-0.98934364,2,3,2.4,2.3333333,0.567333333333333,0.480666666666667,0.538,NA,NA,NA,NA,NA,NA,NA,NA,NA,NA,3.701335907,NA,0,NA,6.51,0.28336972,3.1052206,NA,0.6104197,NA,NA,NA,5.2967515,0.362666666666667,0.668666666666667,4.3423576,NA,0.7643514,0.18876478,NA,0.70979047,NA,0.923846153846154,3.16,NA,58.203000825,3.870164156,2.7086546472907,78.9766774166483,0.7856,8.180677,4.1972017,62.7815,8.4,0.57825,16.47,1.246,229,0.03571808,2.8009999
"Kyrgyzstan","KGZ","Asia",0.48131899749477,41.46448,4.287271,480.328,1.9184518,3.38434765556322,0.93870217,-1.1257074,-0.773088,-1.1643875,NA,NA,NA,NA,0.485333333333333,0.299333333333333,0.484,NA,NA,NA,39.285713,52.6,0.3901346,0.5330008,-0.58126706,0.49135998,0.20932761,3.035992622,1.2843641,NA,0.5768587,4.59,0.22538152,3.4083943,1.9960133,0.31454274,6.3170896,3.3412728,2.980686,NA,0.244,0.440666666666667,5.0976954,3.8940828,0.6999355,0.15488012,7.3617897,0.7566372,0.757422254277176,0.792307692307692,NA,4.180965,42.7423795041666,3.170145988,1.49587748261363,58.8922141005545,0.12086,8.416391,2.8454905,69.98659,10.6,0.683,16.46,1.038,203,0,8.027
"Lebanon","LBN","Asia",0.501835024981431,33.92232,4.1970763,1223.0667,0.026669707,3.50640755277563,0.69631547,-0.75213224,-0.40733936,-0.9109794,2,1.25,1.6,2.6666667,0.613333333333333,0.323846153846154,0.236,NA,NA,NA,NA,NA,0.009810854,0.11809163,-0.5075707,0.37291667,0.215,4.339539528,0.86144817,0.95858896,0.5595833,3.89,0.104111984,3.1234045,2.1665387,0.44566295,6.026711,3.390242,3.1797078,1.0983638,0.317857142857143,0.466428571428572,5.040589,3.9449666,0.535079,0.3193035,6.42453,0.6314906,0.901500401749122,0.696666666666667,NA,5.377797,49.0280717625,3.665677309,18.2296156577401,75.3768962273503,NA,9.7687435,-2.3025851,78.5366,9.3,0.7515,11.43,1.022,192,0.017094433,6.451
"Liberia","LBR","Africa",0.310666666666667,6.4475565,0.2632179,1243.8583,0.09606881,3.86395027624309,0.32898062,-0.93188506,-1.2921419,-0.6671839,1.25,1,2.4,3,0.49,0.413636363636364,0.538181818181818,NA,NA,NA,NA,NA,NA,NA,NA,NA,NA,3.082354069,NA,0.538042,NA,6.14,0.25984251,3.1991136,NA,0.5644636,NA,NA,NA,2.7033958,0.144545454545455,0.78,3.9115992,NA,0.58857775,0.36829028,NA,0.71697265,NA,0.894,NA,NA,43.7222967583333,3.176388264,0,50.6966708631258,NA,7.3207836,4.3307333,60.8884,1.9,0.47275,13.56,0.114,213,0.017094433,2.355
"Lithuania","LTU","Europe",0.510048675238296,55.335835,0.17501567,1377.0742,0.25619954,2.6676885551941,-0.7816593,0.8663488,0.8625738,0.43391645,3.5,3.75,2.8,3.6666667,0.594666666666667,0.321333333333333,0.273333333333333,NA,60,65,15.625,54.4,NA,NA,NA,0.7588278,0.08114541,3.530771255,1.0310175,0,0.5624775,2.72,0.26601025,3.2580853,2.1744251,0.32699913,4.942455,2.9893982,2.934194,9.044864,0.116,0.37,5.686143,3.4255874,0.5679226,0.26727507,6.656873,0.57739717,0.750438900016155,0.401666666666667,3.95,4.5304585,55.7071298375,3.983775377,47.1111849715836,76.1182839261278,1.04246,10.250171,0.8329091,73.83268,12.83572,0.85625,7.37,1.064,193,0,11.271
"Latvia","LVA","Europe",0.659161873103072,56.854187,0.15447038,1287.9746,0.26515973,2.3650434680163,-0.80251205,0.82690483,0.82737815,0.34205,3.3333333,1.75,2.8,3.3333333,0.552142857142857,0.332857142857143,0.232142857142857,0.01999998,70,63,12.946428,42.7,NA,NA,NA,0.57408595,0.11591234,3.538777113,NA,0.03901692,0.70662534,2.04,0.21515614,3.08551,NA,0.4381326,5.8796725,2.954525,2.8495178,26.401627,0.224285714285714,0.316428571428571,5.389319,3.2907453,0.6074177,0.22841537,5.9999146,0.61531395,0.797121095170999,0.546666666666667,4.24,4.2908964,50.559082625,3.739438295,39.6226278246089,72.5729865704611,0.625499999999999,10.118453,0.86710054,73.813416,13.23453,0.84425,8.81,1.043,194,0,12.695
"Morocco","MAR","Africa",0.802986898107271,31.881527,2.4125645,741.2526,0.16449302,3.82351698223752,0.74075705,-0.18445802,-0.11025095,-0.28776646,2.75,2.5,1.6,2.6666667,0.65,0.41,0.476666666666667,NA,46,68,25.446428,0,0.8828226,0.076564476,-0.89893115,0.43653718,0.18906663,2.192788601,1.487587,0.3120336,0.6316439,6.39,0.16467059,3.3392959,1.8651478,0.42332026,4.278622,3.1329715,2.713537,5.45734,0.0436363636363636,0.546363636363636,5.0631404,4.00493,0.69001245,0.2496378,5.8727736,0.701999,0.973874668953208,0.897777777777778,NA,4.9585586,44.0157592333333,3.243024349,2.30421706904162,74.7558478528381,0.7142,8.807228,1.9878744,75.0219,4.8,0.64975,12.14,1.877,201,0.03390155,9.24
"Moldova","MDA","Europe",0.568450949236097,47.204636,0.7992945,2535.3774,0.19669253,3.27075440510987,-1.2464359,-0.37695158,-0.58171684,-0.75044954,NA,NA,NA,NA,0.391333333333333,0.254,0.221333333333333,NA,NA,NA,19.196428,41.9,0.8267951,0.37554976,-0.99665827,0.44909716,0.18961746,3.303145885,1.0992975,0.58758813,0.65275335,3.8,0.17350452,2.9795532,1.9514687,0.34718725,5.244917,3.0197387,2.889814,8.51681,0.192666666666667,0.440666666666667,5.7028747,3.2028353,0.5822157,0.280193,6.4128294,0.6006758,0.788157751674117,0.506923076923077,NA,4.397661,42.2379990416666,3.314335346,4.96596561418124,67.1800307423874,0.36967,9.170968,1.3029127,70.5153,11.59536,0.73225,9.59,1.483,198,0.036367644,5.103
"Mexico","MEX","Americas",0.400735526607717,23.94058,1.7323904,1163.9934,0.18328734,3.24809318146779,-1.3511089,-0.53991586,0.20287605,-0.54084736,2.25,1.75,1.2,2.6666667,0.413333333333333,0.352,0.373333333333333,-0.30500007,30,82,97.32143,74.7,0.60691595,0.17906563,-1.0829921,0.35320398,0.21350339,2.959775925,1.1058742,0.9724062,0.6380483,4.75,0.1986644,3.1094959,1.8062031,0.43533012,6.2040453,3.0530014,3.2676218,0.41785008,0.202857142857143,0.467142857142857,6.841708,3.7702796,0.81267303,0.22578368,7.9402905,0.76075315,NA,0.83,4.08,4.024613,48.9840328666666,3.361047268,17.9372110677957,87.2406264731421,0.55238,9.835018,2.4630017,74.997,8.60084999999999,0.7615,14.09,0.796,230,0.017094433,4.59
"Mali","MLI","Africa",0.567639199938421,17.355291,0.14719929,394.19006,1.0135518,3.90391500418209,1.1669948,-0.59972775,-0.9120924,-0.68562746,2.25,1.75,1.8,2,0.616428571428571,0.457857142857143,0.542857142857143,NA,NA,NA,42.63393,NA,0.53909606,0.19806558,-0.7765069,0.42372882,0.23598436,3.604249239,0.8311302,0.70380056,0.59908736,8.03,0.31078807,3.4879305,2.5733156,0.6622181,6.153047,3.5033333,2.9649243,0.9159371,0.123571428571429,0.485714285714286,4.1824384,3.856669,0.7400652,0.20367984,6.1228194,0.68039715,NA,0.775,NA,5.418296,40.9831851708333,3.267155647,0.701162467013321,65.7949253955801,0.58348,7.644223,4.3795238,56.3598,1.90789,0.41775,15.68,0.729,214,0.066691376,7.657
"Mozambique","MOZ","Africa",0.316787891587861,17.26374,0.6123746,1955.2002,0.20992784,3.84565887786458,1.1573293,-0.73362833,-0.67501974,-0.61695635,1.25,2.25,2.2,2,0.61125,0.61125,0.67625,NA,NA,NA,NA,NA,NA,NA,NA,NA,NA,2.496681213,NA,0.48044044,NA,NA,0.28027448,3.3651674,NA,0.53042865,NA,NA,NA,2.3937097,0.1625,0.465,4.6135817,NA,0.6069561,0.30393082,NA,0.697386,NA,0.718571428571429,NA,NA,38.3889635458333,3.068805218,0,65.7367334405634,0.33732,7.0364103,4.450269,54.8149,2.1,0.42625,13.31,1,212,0.022989519,3.296
"Malaysia","MYS","Asia",0.356513497593691,3.7908506,1.0087286,884.6339,0.0574922,3.91129799635385,-0.4404291,0.46621382,0.99112993,0.13708043,2.75,2.25,2.2,2.3333333,0.740769230769231,0.67,0.716153846153846,-0.78499985,26,36,57.142857,NA,0.5295622,0.092559665,-0.94198143,0.68248665,0.17829993,4.707752705,1.1927043,5.0935247e-05,0.7223775,NA,0.123126455,3.197009,2.009098,0.47228315,5.9686394,3.3422039,3.2890985,23.904963,0.45,0.442307692307692,5.8159575,4.0704346,0.8131126,0.22052214,7.330338,0.79822457,0.923660504456827,0.885454545454545,3.63,4.3464046,71.5359310291666,5.192769527,36.4957314671972,80.7501439166428,1.29813,10.031253,0.43825498,74.9754,10.5,0.791,19.05,0.344,229,0.03390155,3.231
"Niger","NER","Africa",0.45589476979821,17.424076,0.17826943,146.82501,1.1863166,3.84121833181215,0.45758912,-0.5885387,-0.6725353,-0.6532345,2.5,1,2.2,2.6666667,0.792142857142857,0.644285714285714,0.621428571428572,NA,NA,NA,NA,NA,NA,NA,NA,NA,NA,NA,NA,0.6966288,NA,6.64,0.4021358,3.6496851,NA,0.7067856,NA,NA,NA,1.0367742,0.1,0.514285714285714,4.1376805,NA,0.68443465,0.21258546,NA,0.74865705,0.581919316192468,0.799230769230769,NA,NA,NA,NA,NA,NA,NA,6.9867215,4.3876357,58.9417,NA,0.3635,19.26,1.284,213,0.066691376,0.847
"Nigeria","NGA","Africa",0.264333126000312,9.585303,0.3123665,1367.6014,0.49077952,3.87256335233524,0.84740627,-1.0690922,-1.0686004,-1.0992708,2,2.75,1.4,1.3333334,0.456,0.484666666666667,0.371333333333333,-1.3099998,NA,NA,83.92857,17.9,0.19797914,0.49529046,-0.24477695,0.25996777,0.101245806,2.457228422,0.9480692,0.31558248,0.63824743,7.76,0.3212112,3.1951604,2.1279485,0.58986056,5.596956,3.4692457,3.437654,6.3011484,0.284666666666667,0.660666666666667,5.0580363,4.246635,0.73619556,0.2367501,6.92375,0.6579546,NA,0.880769230769231,NA,5.255609,53.794154525,3.441231012,0.136428348167988,75.007400966377,NA,8.539055,4.375757,51.9866,6.9,0.5155,19.66,0.315,237,0.082691714,4.664
"Nicaragua","NIC","Americas",0.493460552446113,12.84069,0.99224126,1407.4966,0.07717091,3.84232438441419,-1.516571,-0.7290396,-0.8415729,-0.7994599,1.75,2,2.6,2.3333333,0.508666666666667,0.402,0.478666666666667,NA,NA,NA,NA,NA,NA,NA,NA,0.26166666,0.11833333,2.554840565,0.9716667,0,0.7441667,6,0.0425,3.2064798,1.7672222,0.51064515,NA,3.095,3.305,12.469568,0.281333333333333,0.452,5.743779,3.8916667,0.80684835,0.30590472,7.995,0.8081991,NA,0.894615384615385,NA,NA,40.4235521916666,2.890322208,0.336372789874092,63.4051189656105,0.10795,8.55366,2.8931456,73.0356,6.3,0.646,25.67,0.177,201,0.017094433,5.555
"Netherlands","NLD","Europe",0.123414466945326,52.249737,0.03650312,1397.0653,0.04181127,2.32506797958256,-1.056604,1.8562638,1.7886502,2.0335724,4,3.5,4,3.6666667,0.755714285714286,0.653571428571429,0.605,1.3,80,53,68.30357,78.9,-0.21304318,0.59268653,-0.60496473,0.5120113,0.2356486,5.253973484,0.87028575,0,0.8230739,7.46,0.5592431,3.503937,2.4525084,0.63578707,6.700711,3.529371,3.4474592,29.936167,0.679230769230769,0.498333333333333,7.4688244,3.929717,0.847126,0.20589386,6.5668263,0.90756327,0.391712271536038,0.85,NA,4.7499027,69.7817385166666,4.677999973,95.8573572904217,99.9884613679419,2.01329,10.87685,-1.7719568,81.16561,12.14078,0.9305,31.72,1.098,194,0,5.617
"Norway","NOR","Europe",0.163766583964988,64.46699,2.4091237,113.716805,0.05349992,2.33648433369403,-1.2708284,1.9657863,1.8739601,2.158939,3.75,4,3.6,4,0.853,0.84,0.666,0.7349999,69,50,55.13393,NA,0.631405,0.6655752,-0.2539118,0.8136191,0.34445757,4.84232378,0.7522254,0,0.7223003,7.73,0.68735456,3.6882222,2.8587768,0.748381,7.2462974,3.6142566,3.40086,41.501278,0.551,0.477,7.5889244,4.0883045,0.83163035,0.19730952,7.321598,0.9508601,0.356712329117362,0.94125,3.79,4.613863,62.0708644375,4.462811947,87.3807224679508,92.1455203510354,1.93301,11.0447855,-1.5606477,81.630486,12.7869,0.94625,10.83,0.416,192,0,3.555
"Pakistan","PAK","Asia",0.611990996722088,29.969664,1.9485223,393.74707,0.58892447,3.933935036041,0.7336308,-0.82366455,-0.7351502,-0.94455504,3,1.5,2,1.6666666,0.417692307692308,0.554615384615385,0.42,-0.875,14,70,0,NA,0.27026755,0.20517945,-0.42493698,0.23913658,0.14818041,3.792056561,1.3382199,0.8725152,0.508347,2.47,0.24496582,3.4626536,1.9284608,0.293568,5.8879967,3.0820472,2.4728382,2.3097239,0.322142857142857,0.414285714285714,5.2583265,3.8909469,0.62292653,0.3269348,6.56087,0.47542283,0.936444777307407,0.801538461538462,3.89,3.8774862,50.566756725,4.012366295,0.838681720398374,78.8087908665718,0.24554,8.32281,3.7500923,65.91,5.18874,0.532,11.74,1.155,213,0.066691376,2.0180001
"Panama","PAN","Americas",0.637478701996291,8.512793,1.5395538,948.7819,0.018252574,3.54192444229303,-1.1035081,-0.08034133,0.18254316,-0.3468066,3,3.25,1.8,3,0.545,0.357142857142857,0.395,NA,11,86,NA,NA,NA,NA,NA,NA,NA,3.034164906,NA,0.6917685,NA,4.36,0.21349724,3.0886507,NA,0.46516353,NA,NA,NA,0.7827226,0.315,0.488571428571429,6.8182526,NA,0.8511145,0.20568328,NA,0.8131473,NA,0.932307692307692,3.51,NA,48.8738735541666,3.45788765,13.764376632104,75.767046115789,0.06309,10.139131,2.163323,77.2841,9.8,0.79475,18.03,0.102,218,0.017094433,3.081
"Peru","PER","Americas",0.391920198963491,9.172653,1.3471594,699.5091,0.32479367,3.64876939741413,-1.1933296,-0.5587831,-0.22330858,-0.3692696,2.3333333,1.5,2,2.6666667,0.352,0.171333333333333,0.216666666666667,-0.27999997,16,87,46.205357,52.3,0.4874462,0.4342395,-0.97521615,0.27478224,0.151066,2.906348944,1.0985591,0.64617276,0.65846527,6.33,0.069233805,3.0632937,1.6234355,0.47645187,5.454235,2.738098,2.9431865,0.19381554,0.188666666666667,0.481333333333333,5.661508,3.5865836,0.7812561,0.35529327,7.270123,0.7392573,NA,0.923076923076923,NA,3.79258,43.97402505,3.022602558,3.57235799184398,77.3126005665259,0.11729,9.316413,2.5657184,75.0943,9.11177,0.75175,14.14,1.167,222,0.017094433,3.277
"Poland","POL","Europe",0.245462184604796,52.124393,0.29674193,1886.6113,0.2825201,3.03806151528737,-0.93624693,0.69759923,0.66406167,0.5988555,3.5,3.75,3.2,2,0.623333333333333,0.422666666666667,0.296666666666667,-0.044999957,60,93,29.241072,42.8,0.8462808,0.16380064,-0.64814126,0.31276917,0.15802233,3.19210887,0.8729352,0.06804658,0.7972474,3.31,0.23247367,3.0860245,2.271255,0.42019594,4.908843,3.179856,3.1562667,30.782017,0.277142857142857,0.367857142857143,5.8942194,3.479502,0.74329567,0.23363777,6.507566,0.8268112,0.65612243587792,0.463076923076923,3.29,4.164118,44.8028375666666,3.130110502,46.9879785477287,90.7163395183501,1.00337,10.165343,-0.2484614,76.858536,12.67306,0.8585,9.45,1.121,197,0,8.252
"Puerto Rico","PRI","Americas",0.387178453967398,18.225313,1.4469827,2100.6448,0.011690985,3.68638593008294,-1.5565428,0.70813847,0.34156594,0.3555504,NA,NA,NA,NA,0.635,0.375,0.25,NA,NA,NA,89.95536,63.1,NA,NA,NA,0.38905376,0.14107649,NA,0.7997037,NA,0.6951655,NA,0.15490034,NA,2.3625185,NA,NA,3.1379716,3.4352093,NA,0.345,0.61,NA,3.9303415,NA,NA,8.324508,NA,NA,0.83,3.56,3.6511424,NA,NA,NA,NA,NA,10.426334,NA,78.878105,NA,NA,NA,0.519,195,NA,13.558
"Portugal","PRT","Europe",0.475110973872961,39.59325,1.3044415,1729.4879,0.07178622,2.98020459991596,-0.98948073,1.0803599,1.1215719,0.9988958,2.75,3,3.2,2.6666667,0.776428571428571,0.342857142857143,0.342857142857143,0.645,27,104,33.25893,87.4,NA,NA,NA,0.3406408,0.16079813,4.045897484,0.67880243,0,0.6691579,6.65,0.17042007,3.232612,2.427095,0.4658159,5.0947785,3.272473,3.184565,36.38894,0.194285714285714,0.416428571428571,5.2832284,3.6199236,0.6992466,0.3245124,6.803171,0.79942584,0.636249401735624,0.606666666666667,3.42,5.300922,50.9798467125,3.799729586,45.4886817488807,88.4459816611289,1.27885,10.355632,-0.040822018,80.2639,8.8941,0.847,11.62,1.415,201,0,11.841001
"Paraguay","PRY","Americas",0.34320065739737,23.24467,0.24544236,1988.9963,0.84719884,3.48043008165376,-1.0403771,-0.7911804,-0.88305527,-0.8472643,1,1.75,2.2,2.3333333,0.48,0.249333333333333,0.308,NA,NA,NA,NA,NA,NA,NA,NA,NA,NA,2.499398947,NA,0.91206247,NA,6.5,0.14248146,3.2691991,NA,0.55882275,NA,NA,NA,1.0920669,0.346,0.430666666666667,5.6613803,NA,0.8738953,0.2111196,NA,0.7726405,NA,0.849230769230769,NA,NA,44.4778651,3.066683769,0,63.4051189656105,0.12931,9.306893,2.2192035,73.1519,8.42123,0.7145,7.04,1.219,203,0,4.7070003
"Palestinian Territories","PSE","Asia",0.593090367180964,31.913605,2.7751565,1327.0048,0.04614829,3.8490090206759,0.7181351,-0.41944095,-0.6337113,-0.25079212,NA,NA,NA,NA,0.512857142857143,0.414285714285714,0.437692307692308,NA,NA,NA,NA,NA,0.6261828,-0.09227327,-0.84038985,0.4228805,0.18079673,NA,1.4373522,NA,0.70377934,3.9,0.17713004,3.280739,1.7428234,0.4401374,5.7915406,3.259519,2.9201214,NA,0.103846153846154,0.392307692307692,4.675218,3.967,0.5869355,0.3925883,6.858871,0.5299578,0.974826890144122,0.762307692307692,NA,5.424274,NA,NA,NA,NA,NA,8.67197,1.2014697,73.1161,NA,0.697,NA,1.484,NA,NA,21.463
"Romania","ROU","Europe",0.440400376923779,45.84319,1.2666162,2168.3894,0.36661217,3.39141724983783,-1.2187268,0.13755469,-0.20880945,-0.14769988,3,2.5,2,3,0.590714285714286,0.335714285714286,0.212857142857143,0.25000012,30,90,19.866072,42.4,0.83760846,0.2764724,-1.2225803,0.37804326,0.2634998,2.479778767,1.0222955,0,0.58749586,2.93,0.20963003,3.27702,1.9198012,0.298536,4.7852917,3.0014486,3.065149,20.837414,0.196923076923077,0.451538461538462,5.45679,3.6057198,0.63113016,0.30123186,7.171587,0.7034706,0.705729825560595,0.501666666666667,3.83,4.793432,43.1643654875,3.34101963,26.6621222523084,78.8569529691717,0.48765,10.032873,2.3456447,74.356094,10.99373,0.813,15.41,1.265,201,0.017094433,6.512
"Russia","RUS","Europe",0.561823922728201,61.9904,0.93970716,362.87936,1.8409736,2.61616848587136,-1.2869815,-0.79155785,-0.30772543,-1.004177,1.75,2.25,2.4,2.6666667,0.387333333333333,0.304,0.499333333333333,0.09500015,39,95,19.866072,57.2,0.5093703,0.026240528,-0.67839164,0.3293295,0.12211239,3.98680234,1.1420388,0,0.63099426,2.6,0.30859882,3.2201777,2.0833375,0.39594382,5.8930926,3.1507351,3.0265074,14.452007,0.121333333333333,0.364,5.617464,3.2626374,0.6354081,0.16434759,6.2781987,0.6643457,0.655499501665447,0.550769230769231,3.15,5.063176,49.5101799541666,3.613094807,28.8098493974171,91.4327442472712,1.13202,10.137618,-0.597837,70.18202,10.7,0.80425,9.59,1.294,232,0.113944255,6.082
"Rwanda","RWA","Africa",0.239613189431493,2.0027242,3.3094091,1238.7698,0.94583875,3.87295883860764,0.6489913,-0.17115518,4.740432e-07,0.4758708,2.5,4,2,2.3333333,0.945,0.899090909090909,0.97,NA,NA,NA,37.276787,NA,0.092633575,0.31617805,-0.39323586,0.27958417,0.25724888,3.757167578,0.9906976,0,0.59898007,8.16,0.27602875,3.1969528,2.3204632,0.44811422,7.0908265,3.5876467,3.198006,3.7509391,0.173636363636364,0.329090909090909,3.6455305,3.658477,0.71638143,0.1967583,6.6832685,0.85638124,NA,0.933636363636364,NA,4.1520967,53.7225077541666,3.814224005,0.202976702337351,61.9731024820271,NA,7.433925,4.4071255,65.2959,4.4,0.5185,12.3,0.336,211,0.017699579,1.087
"Senegal","SEN","Africa",0.602857167931902,14.361483,0.24414504,1018.37726,0.1645418,3.97948425098277,1.1984075,-0.25066435,-0.42304322,-0.25364715,2.3333333,2.5,2.2,2.3333333,0.742,0.612666666666667,0.496,-1.3099997,NA,NA,NA,NA,NA,NA,NA,NA,NA,3.393634796,NA,0.113899805,NA,7.17,0.249775,3.29916,NA,0.636717,NA,NA,NA,3.830269,0.14,0.567333333333333,4.283041,NA,0.7367276,0.2081769,NA,0.67332125,NA,0.784615384615385,NA,NA,42.1766360625,3.145700455,0.51892687313603,69.4327216111491,0.5413,7.95693,4.225373,65.4631,3.5,0.49625,16.51,0.468,221,0.017094433,8.643
"El Salvador","SLV","Americas",0.474864478761237,13.724014,1.750159,1752.5231,0.038727477,3.77685533712079,-1.0719537,-0.68947,-0.14630887,-0.37478867,2.5,2.25,2.4,1.6666666,0.530666666666667,0.323333333333333,0.428666666666667,NA,19,94,88.83929,NA,NA,NA,NA,0.35623002,0.104632586,2.327433348,NA,0.87476516,0.5870607,5.73,0.14628099,3.205111,NA,0.3492949,NA,3.5416667,3.499196,1.938245,0.149333333333333,0.456,6.0125384,3.8317385,0.8313514,0.30732423,7.496253,0.7190525,NA,0.800769230769231,NA,NA,39.6155079208333,2.713054895,0.950273122339065,58.9844875049586,0.1302,8.962515,2.6644466,71.8123,7,0.66875,31.69,0.17,203,0.017094433,4.689
"Serbia","SRB","Europe",0.408978409025233,43.86582,1.6732304,2390.7473,0.23631588,3.09855456466237,0.33321258,-0.28719518,-0.009054172,-0.3014885,2.5,2.5,1.8,3,0.612307692307692,0.337,0.417,0.64,25,92,28.125,61.8,0.6707984,0.074492246,-0.64115065,0.48108816,0.14831345,3.505848646,1.0180937,0.09477052,0.5810355,1.8,0.1279154,3.0029588,2.2046976,0.45010215,4.618718,3.4814045,3.1891387,29.591423,0.233076923076923,0.305384615384615,5.024263,3.5598662,0.5226075,0.36544695,6.4853134,0.51623416,0.737180342317919,0.324,3.82,5.48093,43.1884427875,3.277119637,25.3583918065484,74.9449121247331,0.8661,9.634648,2.384165,74.86171,11.01304,0.78425,13.41,1.213,202,0.050430857,18.381
"Slovak Republic","SVK","Europe",0.482399485491186,48.706566,1.5597295,1848.236,0.5544324,2.53320142891392,-0.8913414,0.5496912,0.8437677,0.21755132,2.75,3.5,2.8,2.6666667,0.639166666666667,0.3125,0.2975,-0.17999995,52,51,28.348215,59,NA,NA,NA,0.49527732,0.06922351,2.894517422,1.0172485,0,0.5157726,1.83,0.20288907,3.1125164,2.2703946,0.37987638,5.009497,3.2430396,3.1347296,37.93527,0.278333333333333,0.343333333333333,6.063051,3.5505517,0.7045543,0.26552898,6.625061,0.6521417,0.480174327922177,0.516,3.48,5.3974504,49.1773575541666,3.511252403,42.1159993193295,80.4940597235222,1.17845,10.205572,-0.03390158,76.09146,12.66467,0.84575,10.1,1.641,199,0,12.018
"Sweden","SWE","Europe",0.0885518730417217,62.776722,0.7154701,416.03653,0.22340885,1.96004762332139,-1.2657844,1.9703044,1.9068116,2.2281876,4,4,3.6,3,0.759333333333333,0.680666666666667,0.556,1.5450001,71,29,77.67857,87.9,0.16742569,0.88165945,-0.66281027,0.55005765,0.37951306,5.31801796,0.61209667,0,0.872801,7.92,0.63579667,3.5241191,2.9147685,0.82350564,7.0023556,3.6456373,3.4941878,50.362064,0.546428571428571,0.486428571428571,7.3838005,4.0662584,0.8238981,0.179403,7.431206,0.9234686,0.380195269397838,0.870769230769231,NA,4.979236,71.5883056333333,4.749318123,100,98.0487626151842,3.26285,10.8036375,-0.46203548,81.85415,12.3449,0.9315,8.82,0.883,191,0,7.612
"Chad","TCD","Africa",0.436589000104521,15.364899,0.41946813,512.52026,1.2543937,3.78095618376119,0.48650625,-1.3951384,-1.4675534,-1.3899921,1.6666666,2,1.2,3,0.372857142857143,0.322857142857143,0.375714285714286,NA,NA,NA,NA,NA,NA,NA,NA,NA,NA,3.229275227,NA,0.93712753,NA,7.26,0.35099792,3.1355798,NA,0.46330595,NA,NA,NA,0.26606092,0.167142857142857,0.427142857142857,4.032005,NA,0.56033975,0.33456182,NA,0.52052075,NA,0.786153846153846,NA,NA,29.5138200125,2.716753721,0,53.8720453579483,NA,7.445353,4.19419,51.987,2.3,0.391,15.71,0.739,215,0.03390155,1.7080001
"Tajikistan","TJK","Asia",0.482704830087044,38.5272,5.3007874,545.2418,1.5047451,3.40248764506588,1.1325049,-1.2011236,-0.9808365,-1.2196646,NA,NA,NA,NA,0.780909090909091,0.616666666666667,0.870833333333333,NA,NA,NA,NA,NA,NA,NA,NA,0.3475,0.33333334,4.15625,1.606111,0.12107155,0.4,4.39,0.20583333,3.5282962,1.6230556,0.22659852,NA,3.3883333,2.8175,1.9051927,0.178,0.492666666666667,4.869889,3.9675,0.65347,0.19781438,7.4841666,0.7796875,0.913199842017313,0.769230769230769,NA,NA,46.8832244458333,3.294736862,0,53.2078159407758,0.1089,7.848658,3.0007198,69.4066,10.7,0.64975,11.99,1.016,201,0.036367644,9.1710005
"Tunisia","TUN","Africa",0.899434866271779,34.120274,0.72636193,448.53308,0.11354672,3.76096992312032,1.420198,-0.030434031,0.027278624,-0.13163981,2.75,2.5,1.6,2.3333333,0.633636363636364,0.549166666666667,0.411818181818182,NA,NA,NA,NA,NA,0.64016396,0.09754726,-1.3026563,0.54298246,0.13245614,3.083066702,1.3590174,0.6396246,0.53157896,6.47,0.15122864,3.183086,1.8386366,0.39395562,5.3517885,3.2444842,3.1001894,6.575899,0.0958333333333333,0.551666666666667,4.8091793,3.688569,0.55743515,0.30736047,6.410142,0.61166006,0.981621528820919,0.876,NA,5.060579,41.4760092916666,3.019270897,5.27847086218143,74.1407062346844,0.63168,9.230769,1.8082888,75.4856,8,0.72625,13.06,1.424,202,0.03390155,15.1779995
"Turkey","TUR","Asia",0.692566073952754,39.06139,2.6201932,1585.7504,0.15182675,3.56126732211087,0.28231055,-0.009007439,0.26934004,-0.016352013,1.6666666,1.25,2,3.3333333,0.698666666666667,0.523571428571429,0.558571428571428,0.13999987,37,85,49.107143,12.5,0.5585537,0.25208914,-1.0317998,0.3331478,0.31758434,2.384615421,1.2547646,0.17110229,0.6822596,3.27,0.10613265,3.3278997,2.028153,0.5290144,4.824683,3.625705,3.2034442,24.136322,0.186428571428571,0.486428571428571,5.331836,3.7398293,0.56235814,0.35576218,6.1429744,0.5434442,0.946370980763172,0.605384615384615,3.48,5.080154,50.8564045041666,3.461538553,24.4098661230766,86.7409033326487,1.00561,10.057233,1.1568812,75.5056,8.09049,0.7875,12.29,1.2,208,0.050430857,10.038
"Tanzania","TZA","Africa",0.803560830861338,6.2655163,0.6774515,1964.4535,0.41982347,3.90513062649432,0.5241637,-0.44170892,-0.6178918,-0.5931426,1,2,2.4,2.3333333,0.7,0.64,0.715333333333333,NA,NA,NA,NA,31.6,NA,NA,NA,NA,NA,3.272240162,NA,0.12310233,NA,4.82,0.140485,3.3852074,NA,0.5424821,NA,3.1528964,2.4971209,2.901526,0.308666666666667,0.479333333333333,3.6347964,3.8113043,0.7179228,0.19509296,5.8001738,0.6722339,NA,0.888461538461538,NA,NA,47.8971064083333,3.567833424,0.0349073700809341,73.1849014824694,0.52889,7.691358,4.35863,60.8142,6.8,0.5055,14.01,0.52,221,0,2.602
"Uganda","UGA","Africa",0.31935917649132,1.2815747,0.9132367,1809.3865,0.9086618,3.83352233499178,0.365626,-0.35395512,-0.55389875,-0.98399776,2.25,1,1.8,1.6666666,0.62,0.460666666666667,0.556666666666667,-0.99,NA,NA,52.455357,34.7,NA,NA,NA,0.31147626,0.10876659,2.759999514,NA,0,0.5657842,5.45,0.27809808,3.3065557,NA,0.6781114,NA,3.6950343,3.235413,5.5895047,0.216,0.636,4.245969,3.9144905,0.6791462,0.32127514,6.77674,0.7388055,NA,0.905384615384615,NA,NA,51.7367611333333,3.613259077,0.101864031062701,74.1737270588378,0.47505,7.5812263,4.250398,59.1672,5.8,0.5185,12.82,0.583,233,0.017699579,2.6529999
"Ukraine","UKR","Europe",0.596987953737263,49.008892,0.41584003,2138.633,0.36490434,2.83393141923523,-0.91723275,-0.7736176,-0.6356425,-0.97360015,1.25,1.75,1.6,1.6666666,0.314666666666667,0.137333333333333,0.176666666666667,-0.1450001,NA,NA,14.285714,56.9,0.73141456,-0.17928502,-0.8735757,0.31644908,0.13812469,3.823582888,1.0040963,NA,0.57762027,3.15,0.34394816,3.1302269,2.2130153,0.40719047,5.6067796,3.2304213,3.0323455,NA,0.176,0.350666666666667,4.682149,3.239018,0.5827385,0.21831065,5.9188795,0.520712,0.796176967057385,0.443846153846154,4.16,4.703128,48.0733523791666,3.359714985,16.183182520352,79.6526171882171,0.61742,9.399897,-1.2729657,70.62532,10.4,0.7655,6.91,1.133,202,0.13815033,8.312
"Uruguay","URY","Americas",0.46039379767903,32.801777,0.43547893,2742.758,0.14228949,2.55539916983965,-1.5565428,0.65474755,0.5184772,1.3091488,2.5,3,3.2,3.6666667,0.594,0.477333333333333,0.568666666666667,NA,36,100,53.348213,NA,0.43277186,0.6078322,-1.1712997,0.4672481,0.2467168,2.854946375,0.98294926,0.5716185,0.7685929,6.77,0.21937715,3.321373,2.223578,0.45970517,5.4643373,3.359583,3.3313766,16.251446,0.242666666666667,0.484,6.316736,3.9727297,0.8210232,0.25839514,7.5073833,0.86809665,NA,0.783846153846154,2.42,4.411056,40.8850391666666,2.972940922,18.3857834905977,74.6604028382929,0.33592,9.858223,0.029558774,77.0543,8.66869999999999,0.80125,36.29,0.82,200,0.017094433,7.19
"United States","USA","Americas",0.164701871809668,45.718395,1.0734556,1363.7998,0.6771069,3.34722156378043,-1.2007076,1.6130521,1.5213246,1.3536918,4,3.75,2.8,3.3333333,0.789333333333333,0.55,0.386,0.3599999,91,46,68.08036,58,0.4507389,0.47858912,-0.585762,0.47128788,0.22914675,5.735215664,0.63967973,1.8415218e-05,0.68415236,7.27,0.4132843,3.3569632,2.571477,0.6864539,5.6840515,3.5158076,3.2929764,35.380386,0.597142857142857,0.699285714285714,7.080311,4.086869,0.8340334,0.2601314,7.63479,0.8356025,NA,0.837692307692308,3.3,4.678181,78.8666466875,5.650608063,91.4549372826295,100,2.79385,10.941485,0.21511139,78.57049,13.51627,0.92025,12.99,1.42,237,0.017094433,6.974
"Uzbekistan","UZB","Asia",0.504814053439336,41.633488,0.52593863,439.50616,1.6453514,3.00862944897739,1.4802184,-1.2322019,-0.7156683,-1.2340047,1,1.25,2.2,2.3333333,0.848571428571429,0.791428571428571,0.947142857142857,NA,NA,NA,NA,NA,1.022048,-0.6408783,-0.8089323,0.57676905,0.040053405,NA,1.6514643,NA,0.80507344,4.9,0.14092141,3.6903627,1.771518,0.34306037,7.568421,3.4222815,2.8556077,NA,0.342857142857143,0.52,5.770106,3.9506338,0.7872331,0.14276563,7.795082,0.94148636,0.899228228947989,0.914166666666666,NA,4.1227174,NA,NA,NA,NA,NA,8.585137,NA,70.2933,NA,0.69475,16.17,1.139,201,0.036367644,5.139
"Venezuela","VEN","Americas",0.570111994250756,7.1322913,0.6339122,1314.7577,0.30608734,3.5716457981807,-1.2710414,-1.8527462,-1.1876642,-1.285179,1.5,3,2,3.3333333,0.320666666666667,0.340666666666667,0.384,0.110000014,12,76,100,NA,NA,NA,NA,0.33407584,0.17800605,3.039576292,NA,0.93499494,0.6812212,6.82,0.1483597,3.122973,NA,0.57764363,NA,3.2985682,3.4936328,0.9375755,0.14,0.442857142857143,6.1940956,4.0485353,0.8105327,0.23676641,8.13489,0.651118,NA,0.847692307692308,NA,4.273144,46.0714201125,3.643936157,4.59321494796495,77.3924381372181,NA,9.42194,NA,72.8383,10.07703,0.761,16.12,0.583,227,0.017094433,7.011
"South Africa","ZAF","Africa",0.458176001945435,29.003525,1.7605544,987.72626,0.30568177,3.64444784664198,0.27699703,0.1108092,0.37991273,0.046002813,2.3333333,3,1.6,2.3333333,0.517333333333333,0.579285714285714,0.527333333333333,-0.36500025,65,49,63,67.6,0.1584987,0.2665138,-0.4941591,0.4164808,0.13866033,3.247029781,0.7858201,0,0.6394543,4.98,0.1703279,3.1848907,2.3932004,0.48979503,5.9141035,2.9601622,3.0180752,17.882463,0.186666666666667,0.626428571428571,4.794147,4.03992,0.7739907,0.21094869,6.8300138,0.75849694,NA,0.865384615384615,3.72,4.369542,55.2307069291666,3.865712643,26.5630685232744,87.6578324704943,0.72283,9.447281,3.599137,60.0851,10.29574,0.69075,13.37,1.494,222,0.03390155,24.816
"Zambia","ZMB","Africa",0.25,13.457555,0.5325838,2207.6667,0.89952815,3.89090909090909,0.66213363,-0.35547227,-0.63640064,-0.3973359,2.75,3,2.6,3,0.584285714285714,0.583076923076923,0.563571428571429,NA,NA,NA,42.1875,NA,0.31874946,0.6220375,-0.50232,0.55110794,0.19370979,2.89281249,0.9994331,0.0022315383,0.5632595,5.15,0.27437642,3.275654,1.9759637,0.5835915,5.8897696,3.3563685,2.8370013,7.5234103,0.217142857142857,0.667142857142857,4.74627,3.9147608,0.7292421,0.2843695,7.200416,0.7598801,NA,0.928333333333333,NA,4.8644795,47.92304635,3.140834332,0.321822637572898,68.9713187637472,0.27819,8.088784,4.3579903,58.584,7.9,0.55875,12.15,1.102,209,0,10.037
