"session","temp","crt","mathreported","mathcorrect","mathmistakes","wordstotalreported","wordstotalcorrect","wordsmistakes","repeats","word2","word3","word4","word5","word6","word7","word8","word9","male","age","majorecon","nativegerman","enjoymath","enjoywords","strongme","cool","normal","warm","hot","month"
1,19.1000003814697,0,13,12,1,24,21,3,0,3,3,6,5,4,0,0,0,0,32,1,1,5,9,9,1,0,0,0,9
1,19.1000003814697,2,16,13,3,23,23,0,0,1,7,11,2,2,0,0,0,1,24,1,1,10,10,10,1,0,0,0,9
1,19.1000003814697,0,23,19,4,25,25,0,0,4,7,9,5,0,0,0,0,1,28,0,1,1,8,10,1,0,0,0,9
1,19.1000003814697,2,15,14,1,16,15,1,0,1,3,4,4,3,0,0,0,0,28,0,1,6,8,6,1,0,0,0,9
1,19.1000003814697,1,19,15,4,26,26,0,0,4,6,10,3,3,0,0,0,0,23,0,0,2,8,7,1,0,0,0,9
1,19.1000003814697,3,17,14,3,23,22,1,0,1,5,10,6,0,0,0,0,0,22,0,0,7,5,8,1,0,0,0,9
1,19.1000003814697,3,13,12,1,17,11,6,0,0,4,3,2,2,0,0,0,1,25,0,1,4,6,7,1,0,0,0,9
1,19.1000003814697,3,13,11,2,30,30,0,0,1,10,10,6,3,0,0,0,0,19,1,1,2,4,8,1,0,0,0,9
1,19.1000003814697,2,11,10,1,11,10,1,0,1,1,2,4,2,0,0,0,1,25,0,0,8,8,10,1,0,0,0,9
1,19.1000003814697,3,10,8,2,18,16,2,0,0,2,4,6,4,0,0,0,1,27,0,1,6,10,8,1,0,0,0,9
1,19.1000003814697,3,21,17,4,24,1,23,0,0,0,1,0,0,0,0,0,1,25,1,1,10,5,10,1,0,0,0,9
1,19.1000003814697,3,7,5,2,12,12,0,0,0,5,6,1,0,0,0,0,1,20,0,1,3,8,6,1,0,0,0,9
1,19.1000003814697,3,11,5,6,8,6,2,0,0,0,2,3,1,0,0,0,1,24,1,1,10,10,7,1,0,0,0,9
1,19.1000003814697,3,20,17,3,23,22,0,1,1,4,8,6,3,0,0,0,1,21,1,1,8,6,8,1,0,0,0,9
1,19.1000003814697,3,19,16,3,31,31,0,0,5,12,10,3,1,0,0,0,1,20,1,1,6,6,6,1,0,0,0,9
1,19.1000003814697,3,9,7,2,26,25,1,0,3,7,8,4,3,0,0,0,0,19,0,1,1,8,9,1,0,0,0,9
1,19.1000003814697,2,6,6,0,20,17,3,0,1,7,9,0,0,0,0,0,1,30,1,1,7,8,7,1,0,0,0,9
1,19.1000003814697,3,11,10,1,12,10,2,0,0,3,4,2,1,0,0,0,0,23,0,0,10,10,8,1,0,0,0,9
1,19.1000003814697,2,19,12,7,13,13,0,0,0,1,4,6,1,1,0,0,1,26,1,1,7,9,7,1,0,0,0,9
1,19.1000003814697,3,12,7,5,16,15,1,0,1,6,4,3,1,0,0,0,1,20,1,1,10,10,8,1,0,0,0,9
1,19.1000003814697,2,12,12,0,11,11,0,0,0,5,5,1,0,0,0,0,1,22,0,1,1,5,1,1,0,0,0,9
2,19.3500003814697,2,2,1,1,25,25,0,0,3,8,7,4,3,0,0,0,1,21,0,1,1,10,6,1,0,0,0,9
2,19.3500003814697,1,19,18,1,40,39,1,0,5,9,16,8,1,0,0,0,0,22,0,1,8,8,8,1,0,0,0,9
2,19.3500003814697,3,21,20,1,21,19,2,0,2,7,5,2,2,0,1,0,1,18,0,1,10,10,10,1,0,0,0,9
2,19.3500003814697,2,18,10,8,11,11,0,0,0,1,4,4,2,0,0,0,0,19,0,1,8,3,10,1,0,0,0,9
2,19.3500003814697,3,12,6,6,31,31,0,0,1,10,10,8,2,0,0,0,0,23,1,1,2,8,7,1,0,0,0,9
2,19.3500003814697,3,9,7,2,23,22,1,0,0,5,7,6,4,0,0,0,0,21,1,1,7,10,7,1,0,0,0,9
2,19.3500003814697,3,15,12,3,22,22,0,0,2,9,6,4,1,0,0,0,1,19,1,1,5,5,6,1,0,0,0,9
2,19.3500003814697,1,11,8,3,23,23,0,0,3,9,7,4,0,0,0,0,0,25,0,1,3,4,5,1,0,0,0,9
2,19.3500003814697,3,16,14,2,32,32,0,0,1,7,13,9,2,0,0,0,1,24,0,0,1,4,4,1,0,0,0,9
2,19.3500003814697,2,11,10,1,14,14,0,0,1,10,3,0,0,0,0,0,1,39,0,1,2,5,9,1,0,0,0,9
2,19.3500003814697,1,12,10,2,18,16,2,0,1,3,8,1,3,0,0,0,0,24,1,1,1,3,9,1,0,0,0,9
2,19.3500003814697,2,18,15,3,NA,NA,NA,NA,NA,NA,NA,NA,NA,NA,NA,NA,1,28,NA,0,6,NA,7,1,0,0,0,9
2,19.3500003814697,1,5,5,0,10,10,0,0,0,4,3,1,1,0,0,1,0,20,1,1,9,8,10,1,0,0,0,9
2,19.3500003814697,3,13,13,0,14,14,0,0,0,5,4,5,0,0,0,0,1,27,0,1,8,8,7,1,0,0,0,9
2,19.3500003814697,3,15,14,1,34,29,5,0,2,8,10,3,5,1,0,0,1,29,0,1,10,9,7,1,0,0,0,9
2,19.3500003814697,3,11,3,8,12,12,0,0,0,1,4,3,3,1,0,0,0,20,1,1,8,5,8,1,0,0,0,9
2,19.3500003814697,2,16,14,2,30,25,5,0,2,10,6,4,2,1,0,0,1,28,1,1,6,6,7,1,0,0,0,9
2,19.3500003814697,3,9,6,3,16,15,1,0,0,5,8,1,1,0,0,0,1,25,0,1,7,3,7,1,0,0,0,9
2,19.3500003814697,2,8,6,2,31,31,0,0,3,7,11,6,4,0,0,0,1,23,0,1,4,10,8,1,0,0,0,9
2,19.3500003814697,3,13,11,2,27,22,5,0,1,5,10,4,1,1,0,0,1,26,0,1,10,10,10,1,0,0,0,9
2,19.3500003814697,2,13,12,1,21,21,0,0,0,0,4,14,3,0,0,0,1,25,0,1,5,5,8,1,0,0,0,9
2,19.3500003814697,3,3,2,1,12,12,0,0,0,2,8,2,0,0,0,0,0,20,0,1,2,5,7,1,0,0,0,9
2,19.3500003814697,3,21,21,0,21,21,0,0,3,6,7,2,3,0,0,0,1,22,1,0,9,7,10,1,0,0,0,9
2,19.3500003814697,3,15,13,2,21,17,4,0,0,2,6,7,2,0,0,0,1,26,1,1,8,7,9,1,0,0,0,9
3,19.1000003814697,0,14,8,6,16,15,1,0,0,2,8,4,1,0,0,0,0,27,0,1,1,3,8,1,0,0,0,9
3,19.1000003814697,3,9,5,4,17,17,0,0,0,6,7,1,2,0,1,0,0,24,0,0,4,8,7,1,0,0,0,9
3,19.1000003814697,0,7,7,0,11,11,0,0,0,1,6,4,0,0,0,0,1,29,0,1,3,5,8,1,0,0,0,9
3,19.1000003814697,3,22,21,1,23,20,3,0,0,3,8,5,2,2,0,0,1,26,0,1,9,6,10,1,0,0,0,9
3,19.1000003814697,3,18,14,4,25,25,0,0,3,10,11,0,1,0,0,0,1,28,0,1,8,3,7,1,0,0,0,9
3,19.1000003814697,3,8,5,3,30,25,5,0,0,6,11,8,0,0,0,0,1,22,0,1,4,9,2,1,0,0,0,9
3,19.1000003814697,1,19,18,1,23,23,0,0,2,11,6,3,1,0,0,0,1,32,0,1,10,8,9,1,0,0,0,9
3,19.1000003814697,3,13,10,3,24,22,2,0,0,7,7,7,1,0,0,0,0,21,0,1,6,10,5,1,0,0,0,9
3,19.1000003814697,0,4,3,1,18,18,0,0,2,5,5,4,2,0,0,0,1,25,0,0,6,9,NA,1,0,0,0,9
3,19.1000003814697,3,15,15,0,17,17,0,0,1,3,7,5,1,0,0,0,1,23,1,1,8,7,8,1,0,0,0,9
3,19.1000003814697,3,17,14,3,27,25,2,0,1,2,6,9,5,1,1,0,1,22,1,1,8,9,8,1,0,0,0,9
3,19.1000003814697,3,10,7,3,19,18,1,0,2,3,8,4,1,0,0,0,1,25,1,1,5,7,4,1,0,0,0,9
3,19.1000003814697,2,16,12,4,55,49,5,1,0,10,18,14,7,0,0,0,1,28,0,0,7,9,8,1,0,0,0,9
3,19.1000003814697,2,9,7,2,22,21,1,0,3,10,4,3,1,0,0,0,1,22,0,1,2,3,7,1,0,0,0,9
3,19.1000003814697,3,8,6,2,22,20,1,1,1,7,7,5,0,0,0,0,0,27,0,1,7,8,8,1,0,0,0,9
3,19.1000003814697,3,18,15,3,29,29,0,0,6,8,9,3,3,0,0,0,1,27,1,1,10,10,10,1,0,0,0,9
3,19.1000003814697,1,7,7,0,22,22,0,0,1,5,16,0,0,0,0,0,0,20,1,1,5,5,5,1,0,0,0,9
3,19.1000003814697,3,10,7,3,9,9,0,0,2,0,4,3,0,0,0,0,NA,NA,NA,NA,NA,NA,5,1,0,0,0,9
3,19.1000003814697,1,17,11,6,10,10,0,0,0,1,5,2,2,0,0,0,0,22,0,0,3,7,8,1,0,0,0,9
3,19.1000003814697,3,18,15,3,21,21,0,0,0,3,12,5,1,0,0,0,0,27,1,1,9,8,7,1,0,0,0,9
3,19.1000003814697,3,13,11,2,14,14,0,0,0,1,7,3,3,0,0,0,1,22,1,1,10,10,9,1,0,0,0,9
3,19.1000003814697,3,12,9,3,26,24,2,0,1,10,7,5,0,1,0,0,1,27,0,1,7,8,7,1,0,0,0,9
4,20.25,2,15,15,0,22,22,0,0,2,6,8,1,4,1,0,0,1,27,0,1,10,4,8,0,1,0,0,9
4,20.25,3,13,12,1,12,11,1,0,1,3,2,4,1,0,0,0,1,21,0,0,1,8,4,0,1,0,0,9
4,20.25,3,24,20,4,15,15,0,0,0,6,4,4,1,0,0,0,1,33,0,1,10,8,6,0,1,0,0,9
4,20.25,3,9,8,1,17,17,0,0,0,4,5,6,2,0,0,0,1,22,0,1,8,9,7,0,1,0,0,9
4,20.25,2,8,7,1,6,6,0,0,0,4,1,1,0,0,0,0,0,20,0,0,4,2,6,0,1,0,0,9
4,20.25,3,22,2,20,13,12,1,0,0,0,6,3,3,0,0,0,1,24,0,0,6,3,4,0,1,0,0,9
4,20.25,0,10,5,5,17,17,0,0,0,3,12,1,0,1,0,0,0,20,0,0,8,10,10,0,1,0,0,9
4,20.25,3,9,9,0,26,26,0,0,0,3,10,8,4,1,0,0,0,20,0,1,1,9,10,0,1,0,0,9
4,20.25,3,19,18,1,26,26,0,0,1,5,6,7,6,1,0,0,1,26,0,1,7,5,7,0,1,0,0,9
4,20.25,3,8,6,2,18,17,1,0,0,3,9,3,1,0,1,0,1,25,1,1,3,3,5,0,1,0,0,9
4,20.25,0,13,3,10,25,25,0,0,0,4,13,6,2,0,0,0,0,25,1,1,7,10,9,0,1,0,0,9
4,20.25,2,11,9,2,20,20,0,0,0,7,5,5,3,0,0,0,0,22,0,1,1,4,10,0,1,0,0,9
4,20.25,0,9,7,2,14,14,0,0,0,1,8,3,2,0,0,0,0,21,0,1,5,8,8,0,1,0,0,9
4,20.25,2,6,5,1,16,16,0,0,0,10,3,2,1,0,0,0,0,21,0,1,3,9,7,0,1,0,0,9
4,20.25,2,20,14,6,34,33,1,0,0,3,12,8,9,1,0,0,0,32,0,1,10,10,7,0,1,0,0,9
4,20.25,3,12,1,11,29,29,0,0,1,7,11,8,2,0,0,0,0,21,0,1,10,8,7,0,1,0,0,9
4,20.25,3,13,13,0,21,21,0,0,0,3,13,3,2,0,0,0,0,22,1,1,3,5,4,0,1,0,0,9
4,20.25,3,13,12,1,23,23,0,0,1,6,12,4,0,0,0,0,1,18,0,1,7,7,7,0,1,0,0,9
4,20.25,1,14,13,1,19,19,0,0,1,7,8,1,1,1,0,0,0,19,1,1,10,8,10,0,1,0,0,9
4,20.25,3,12,9,3,34,31,2,1,1,9,12,8,1,0,0,0,0,20,0,1,5,7,7,0,1,0,0,9
4,20.25,1,11,11,0,15,15,0,0,1,5,7,1,1,0,0,0,1,21,1,1,6,6,6,0,1,0,0,9
5,22.3500003814697,3,13,5,8,20,20,0,0,1,7,7,5,0,0,0,0,1,22,1,1,10,1,8,0,1,0,0,9
5,22.3500003814697,1,6,6,0,25,25,0,0,1,10,9,2,3,0,0,0,0,30,1,1,3,8,4,0,1,0,0,9
5,22.3500003814697,1,12,10,2,12,12,0,0,0,4,7,0,1,0,0,0,0,23,0,1,4,4,10,0,1,0,0,9
5,22.3500003814697,3,26,25,1,40,38,0,2,2,8,14,12,2,0,0,0,1,21,0,1,8,8,8,0,1,0,0,9
5,22.3500003814697,2,8,4,4,15,15,0,0,0,2,6,3,4,0,0,0,1,19,1,0,3,4,7,0,1,0,0,9
5,22.3500003814697,3,9,8,1,19,18,1,0,0,3,7,4,3,0,1,0,0,24,0,1,3,6,8,0,1,0,0,9
5,22.3500003814697,3,15,9,6,12,11,1,0,0,1,2,3,5,0,0,0,1,25,0,1,5,8,4,0,1,0,0,9
5,22.3500003814697,3,8,7,1,28,28,0,0,1,8,12,6,1,0,0,0,1,28,1,1,9,6,10,0,1,0,0,9
5,22.3500003814697,2,19,19,0,25,25,0,0,1,6,12,5,1,0,0,0,1,22,0,1,10,6,7,0,1,0,0,9
5,22.3500003814697,0,8,7,1,8,7,1,0,2,1,2,1,1,0,0,0,0,33,0,0,6,9,8,0,1,0,0,9
5,22.3500003814697,1,17,13,4,42,40,1,1,3,16,9,7,3,0,2,0,0,26,0,1,6,9,7,0,1,0,0,9
5,22.3500003814697,3,19,16,3,11,10,1,0,0,5,3,1,1,0,0,0,0,28,0,0,7,1,6,0,1,0,0,9
5,22.3500003814697,3,15,12,3,20,20,0,0,0,7,8,2,2,1,0,0,0,28,1,1,3,10,3,0,1,0,0,9
5,22.3500003814697,3,13,9,4,35,35,0,0,1,6,17,7,2,2,0,0,1,21,1,0,5,8,9,0,1,0,0,9
5,22.3500003814697,3,9,6,3,19,19,0,0,0,4,6,4,5,0,0,0,1,26,0,1,5,5,6,0,1,0,0,9
5,22.3500003814697,3,40,38,2,26,24,1,1,5,4,9,5,1,0,0,0,1,27,0,1,8,4,10,0,1,0,0,9
5,22.3500003814697,3,16,14,2,16,16,0,0,0,1,9,3,3,0,0,0,1,22,0,1,10,5,2,0,1,0,0,9
5,22.3500003814697,3,10,10,0,24,24,0,0,0,8,10,6,0,0,0,0,1,24,0,1,7,9,7,0,1,0,0,9
5,22.3500003814697,2,7,6,1,11,10,1,0,0,2,5,2,1,0,0,0,1,25,0,0,3,5,9,0,1,0,0,9
5,22.3500003814697,2,16,14,2,22,22,0,0,4,5,10,2,1,0,0,0,0,26,0,1,8,9,8,0,1,0,0,9
5,22.3500003814697,3,19,19,0,23,23,0,0,0,12,11,0,0,0,0,0,1,36,0,0,9,9,5,0,1,0,0,9
5,22.3500003814697,3,3,3,0,21,21,0,0,2,5,7,5,2,0,0,0,1,24,1,1,1,8,6,0,1,0,0,9
6,24.9500007629395,0,12,3,9,20,20,0,0,1,5,7,5,2,0,0,0,0,25,0,1,3,9,5,0,1,0,0,9
6,24.9500007629395,2,21,20,1,25,25,0,0,0,9,12,3,1,0,0,0,0,26,0,0,10,8,6,0,1,0,0,9
6,24.9500007629395,0,4,2,2,16,16,0,0,2,3,6,4,1,0,0,0,0,26,0,1,2,6,8,0,1,0,0,9
6,24.9500007629395,3,13,12,1,26,26,0,0,1,9,9,5,2,0,0,0,1,28,1,1,3,7,8,0,1,0,0,9
6,24.9500007629395,1,9,9,0,20,20,0,0,4,10,4,2,0,0,0,0,0,23,0,1,3,5,6,0,1,0,0,9
6,24.9500007629395,0,7,6,1,14,13,1,0,0,4,4,4,1,0,0,0,1,49,NA,0,8,9,9,0,1,0,0,9
6,24.9500007629395,0,6,5,1,12,12,0,0,0,1,7,3,1,0,0,0,0,23,0,1,1,10,10,0,1,0,0,9
6,24.9500007629395,1,9,7,2,9,9,0,0,0,0,7,2,0,0,0,0,1,23,0,0,6,6,6,0,1,0,0,9
6,24.9500007629395,2,13,9,4,36,36,0,0,1,9,10,13,3,0,0,0,0,29,0,1,5,10,8,0,1,0,0,9
6,24.9500007629395,0,9,7,2,17,17,0,0,0,4,7,5,1,0,0,0,1,20,0,0,2,10,6,0,1,0,0,9
6,24.9500007629395,3,16,15,1,18,18,0,0,0,4,5,7,1,1,0,0,0,25,0,0,9,9,9,0,1,0,0,9
6,24.9500007629395,1,11,7,4,26,21,5,0,0,7,11,0,3,0,0,0,0,24,0,1,10,10,6,0,1,0,0,9
6,24.9500007629395,2,19,15,4,26,26,0,0,0,8,10,4,4,0,0,0,1,25,1,1,8,9,9,0,1,0,0,9
6,24.9500007629395,3,17,15,2,19,19,0,0,0,3,10,4,2,0,0,0,1,26,0,1,7,5,7,0,1,0,0,9
6,24.9500007629395,3,17,16,1,33,33,0,0,2,6,13,8,3,1,0,0,1,22,0,1,9,7,6,0,1,0,0,9
6,24.9500007629395,2,13,11,2,22,21,1,0,0,2,10,6,2,1,0,0,0,20,0,1,5,10,8,0,1,0,0,9
6,24.9500007629395,0,9,9,0,17,17,0,0,0,7,7,3,0,0,0,0,0,35,0,1,6,6,10,0,1,0,0,9
6,24.9500007629395,0,9,7,2,34,34,0,0,5,10,10,8,1,0,0,0,0,27,0,1,2,8,4,0,1,0,0,9
6,24.9500007629395,3,11,7,4,37,37,0,0,1,4,18,10,3,1,0,0,0,21,1,1,2,8,2,0,1,0,0,9
6,24.9500007629395,0,8,7,1,38,36,2,0,5,15,12,3,1,0,0,0,0,26,0,1,3,9,8,0,1,0,0,9
6,24.9500007629395,3,18,15,3,20,20,0,0,1,8,7,2,1,1,0,0,0,21,0,1,10,9,5,0,1,0,0,9
6,24.9500007629395,2,4,2,2,12,12,0,0,0,4,5,3,0,0,0,0,0,29,0,1,2,7,2,0,1,0,0,9
7,24.6299991607666,3,5,5,0,27,27,0,0,1,5,15,5,1,0,0,0,0,19,0,1,4,8,6,0,1,0,0,9
7,24.6299991607666,2,15,13,2,30,30,0,0,3,7,12,5,3,0,0,0,0,34,0,1,9,2,8,0,1,0,0,9
7,24.6299991607666,3,16,16,0,17,17,0,0,2,4,4,5,2,0,0,0,1,24,1,1,7,7,5,0,1,0,0,9
7,24.6299991607666,3,8,6,2,20,20,0,0,0,5,9,3,3,0,0,0,1,20,1,1,5,7,9,0,1,0,0,9
7,24.6299991607666,3,17,14,3,25,25,0,0,1,3,14,4,3,0,0,0,1,23,1,1,9,10,8,0,1,0,0,9
7,24.6299991607666,3,16,16,0,16,16,0,0,1,1,8,2,4,0,0,0,1,19,0,1,8,6,4,0,1,0,0,9
7,24.6299991607666,2,6,4,2,22,20,2,0,4,8,6,1,1,0,0,0,1,30,0,1,7,3,6,0,1,0,0,9
7,24.6299991607666,3,10,10,0,12,12,0,0,2,4,5,1,0,0,0,0,1,17,0,0,6,8,9,0,1,0,0,9
7,24.6299991607666,3,4,4,0,5,5,0,0,1,3,1,0,0,0,0,0,1,25,0,1,6,8,8,0,1,0,0,9
7,24.6299991607666,3,18,17,1,26,26,0,0,2,6,10,6,2,0,0,0,1,24,0,1,3,3,4,0,1,0,0,9
7,24.6299991607666,2,14,11,3,35,34,1,0,3,10,16,3,2,0,0,0,0,19,1,1,3,4,6,0,1,0,0,9
7,24.6299991607666,3,15,14,1,5,3,2,0,0,0,1,2,0,0,0,0,1,29,0,0,6,1,7,0,1,0,0,9
7,24.6299991607666,3,15,14,1,20,20,0,0,0,7,10,2,1,0,0,0,0,24,1,0,3,4,6,0,1,0,0,9
7,24.6299991607666,3,16,12,4,10,10,0,0,0,4,3,1,2,0,0,0,1,19,0,0,8,5,9,0,1,0,0,9
7,24.6299991607666,3,19,17,2,17,17,0,0,0,5,8,1,2,1,0,0,1,23,1,1,8,6,10,0,1,0,0,9
7,24.6299991607666,1,9,7,2,13,13,0,0,0,6,3,3,1,0,0,0,0,27,0,1,3,7,8,0,1,0,0,9
7,24.6299991607666,3,10,7,3,21,21,0,0,1,6,9,4,1,0,0,0,1,21,0,1,5,7,7,0,1,0,0,9
7,24.6299991607666,3,23,21,2,24,24,0,0,1,6,12,5,0,0,0,0,1,24,0,0,1,1,5,0,1,0,0,9
7,24.6299991607666,1,11,11,0,4,4,0,0,0,3,0,0,1,0,0,0,1,30,0,0,10,8,7,0,1,0,0,9
7,24.6299991607666,0,17,14,3,20,20,0,0,0,6,9,4,1,0,0,0,1,24,1,0,7,7,9,0,1,0,0,9
7,24.6299991607666,3,13,13,0,18,18,0,0,1,6,6,5,0,0,0,0,0,23,0,1,10,10,4,0,1,0,0,9
7,24.6299991607666,3,20,14,6,15,15,0,0,0,4,1,6,4,0,0,0,0,22,1,1,5,5,8,0,1,0,0,9
7,24.6299991607666,3,9,8,1,12,11,1,0,0,4,6,0,1,0,0,0,1,19,0,1,9,7,4,0,1,0,0,9
7,24.6299991607666,3,18,16,2,21,21,0,0,0,4,10,5,2,0,0,0,1,27,0,1,9,8,9,0,1,0,0,9
8,26.3299999237061,2,12,8,4,31,31,0,0,2,10,13,3,3,0,0,0,0,23,1,1,8,8,8,0,0,1,0,9
8,26.3299999237061,3,19,17,2,29,28,1,0,2,5,12,6,3,0,0,0,1,20,1,1,7,6,7,0,0,1,0,9
8,26.3299999237061,2,18,15,3,27,27,0,0,0,7,9,6,4,0,1,0,0,23,0,1,8,5,8,0,0,1,0,9
8,26.3299999237061,2,20,18,2,27,25,2,0,0,3,16,4,2,0,0,0,1,28,0,1,5,8,4,0,0,1,0,9
8,26.3299999237061,2,10,6,4,22,19,2,1,0,4,7,5,3,0,0,0,0,20,0,1,1,6,5,0,0,1,0,9
8,26.3299999237061,2,13,13,0,13,12,1,0,0,1,5,5,0,1,0,0,1,28,1,0,7,7,5,0,0,1,0,9
8,26.3299999237061,3,5,3,2,23,20,3,0,0,8,5,4,3,0,0,0,1,24,0,1,1,5,8,0,0,1,0,9
8,26.3299999237061,2,15,12,3,34,34,0,0,3,10,14,6,0,1,0,0,0,19,0,1,8,10,3,0,0,1,0,9
8,26.3299999237061,2,24,17,7,32,32,0,0,1,9,17,3,2,0,0,0,0,22,0,1,4,7,9,0,0,1,0,9
8,26.3299999237061,0,12,9,3,14,13,0,1,0,2,9,1,1,0,0,0,0,27,0,1,5,6,6,0,0,1,0,9
8,26.3299999237061,3,10,9,1,17,17,0,0,0,4,7,3,3,0,0,0,1,26,1,1,10,7,7,0,0,1,0,9
8,26.3299999237061,3,11,9,2,22,22,0,0,2,6,7,7,0,0,0,0,0,23,NA,1,5,10,5,0,0,1,0,9
8,26.3299999237061,2,26,26,0,7,7,0,0,0,1,4,1,1,0,0,0,1,23,0,0,7,3,8,0,0,1,0,9
8,26.3299999237061,3,23,21,2,29,29,0,0,0,2,19,7,1,0,0,0,1,20,0,1,10,10,8,0,0,1,0,9
8,26.3299999237061,3,12,11,1,24,24,0,0,2,8,10,4,0,0,0,0,1,20,0,1,3,8,3,0,0,1,0,9
8,26.3299999237061,3,9,6,3,16,16,0,0,1,3,5,5,2,0,0,0,1,25,0,1,2,3,9,0,0,1,0,9
8,26.3299999237061,3,8,6,2,21,20,1,0,2,4,8,3,3,0,0,0,0,23,0,0,1,9,8,0,0,1,0,9
8,26.3299999237061,3,13,12,1,21,21,0,0,4,9,7,1,0,0,0,0,1,22,1,1,9,8,6,0,0,1,0,9
8,26.3299999237061,3,7,7,0,23,23,0,0,0,3,12,5,2,1,0,0,1,22,0,1,1,10,7,0,0,1,0,9
8,26.3299999237061,2,12,10,2,25,25,0,0,1,6,14,4,0,0,0,0,0,32,0,1,3,10,7,0,0,1,0,9
8,26.3299999237061,1,12,11,1,19,18,1,0,1,9,6,1,1,0,0,0,1,27,0,1,9,8,7,0,0,1,0,9
8,26.3299999237061,0,9,8,1,19,19,0,0,2,2,10,5,0,0,0,0,0,27,1,1,6,7,9,0,0,1,0,9
8,26.3299999237061,2,15,12,3,22,20,2,0,0,3,9,5,3,0,0,0,1,45,0,1,8,5,8,0,0,1,0,9
8,26.3299999237061,3,7,7,0,15,14,1,0,1,2,5,6,0,0,0,0,1,27,0,1,6,9,7,0,0,1,0,9
9,31.5,0,6,6,0,10,7,3,0,1,2,4,0,0,0,0,0,0,23,1,0,3,3,8,0,0,0,1,9
9,31.5,2,27,24,3,18,18,0,0,1,0,6,6,5,0,0,0,0,24,0,1,10,10,8,0,0,0,1,9
9,31.5,1,6,4,2,16,16,0,0,3,5,5,2,1,0,0,0,0,22,0,0,2,8,5,0,0,0,1,9
9,31.5,3,12,9,3,27,27,0,0,2,13,7,5,0,0,0,0,0,19,1,0,5,9,8,0,0,0,1,9
9,31.5,3,21,20,1,52,47,4,1,2,11,13,17,4,0,0,0,1,27,0,1,8,10,3,0,0,0,1,9
9,31.5,3,20,17,3,38,37,1,0,0,10,10,9,7,1,0,0,1,29,0,1,9,8,5,0,0,0,1,9
9,31.5,2,13,10,3,36,34,2,0,2,10,15,5,0,1,1,0,0,20,0,1,8,10,6,0,0,0,1,9
9,31.5,3,16,16,0,19,19,0,0,3,1,6,5,1,2,1,0,1,21,0,1,7,10,9,0,0,0,1,9
9,31.5,1,9,7,2,14,14,0,0,0,5,5,3,1,0,0,0,1,31,0,1,6,8,8,0,0,0,1,9
9,31.5,3,32,0,32,12,11,1,0,0,0,7,3,1,0,0,0,1,20,0,1,10,8,10,0,0,0,1,9
9,31.5,2,15,15,0,16,15,1,0,0,4,9,0,2,0,0,0,0,25,0,1,7,3,3,0,0,0,1,9
9,31.5,1,14,6,8,38,36,0,2,3,13,16,3,1,0,0,0,0,43,1,1,8,8,4,0,0,0,1,9
9,31.5,3,17,15,2,23,23,0,0,2,11,7,2,1,0,0,0,0,21,0,1,9,10,8,0,0,0,1,9
9,31.5,3,13,13,0,12,12,0,0,0,0,7,5,0,0,0,0,1,22,1,1,9,3,4,0,0,0,1,9
9,31.5,3,7,7,0,25,17,7,1,2,6,5,4,0,0,0,0,0,26,0,1,10,10,5,0,0,0,1,9
9,31.5,3,11,11,0,21,20,1,0,1,8,5,4,1,0,1,0,1,28,1,1,8,6,10,0,0,0,1,9
9,31.5,1,19,14,5,38,35,3,0,1,12,16,3,3,0,0,0,0,27,0,1,5,7,6,0,0,0,1,9
9,31.5,3,16,15,1,27,25,2,0,1,8,13,1,2,0,0,0,0,23,1,1,7,8,6,0,0,0,1,9
9,31.5,2,7,7,0,6,6,0,0,1,1,3,0,0,1,0,0,1,20,1,1,8,7,9,0,0,0,1,9
9,31.5,2,4,4,0,6,6,0,0,0,0,3,2,0,1,0,0,1,42,0,1,1,2,5,0,0,0,1,9
9,31.5,2,12,12,0,20,20,0,0,0,5,8,5,2,0,0,0,0,21,0,1,4,6,8,0,0,0,1,9
9,31.5,3,13,13,0,29,25,4,0,4,8,12,1,0,0,0,0,1,22,0,1,7,4,8,0,0,0,1,9
10,30.2999992370605,3,13,12,1,26,26,0,0,2,8,13,2,1,0,0,0,0,25,1,1,4,6,7,0,0,0,1,9
10,30.2999992370605,3,17,14,3,22,22,0,0,1,5,12,2,2,0,0,0,0,26,1,1,8,10,7,0,0,0,1,9
10,30.2999992370605,0,6,1,5,11,11,0,0,0,2,5,1,3,0,0,0,0,30,0,0,1,8,9,0,0,0,1,9
10,30.2999992370605,3,7,7,0,24,24,0,0,1,11,5,7,0,0,0,0,1,22,0,1,3,6,5,0,0,0,1,9
10,30.2999992370605,3,16,12,4,18,17,1,0,0,0,5,5,4,2,1,0,0,24,1,1,10,10,9,0,0,0,1,9
10,30.2999992370605,3,19,16,3,27,27,0,0,0,2,13,7,4,1,0,0,0,23,1,1,8,8,10,0,0,0,1,9
10,30.2999992370605,3,12,10,2,18,18,0,0,1,4,9,2,2,0,0,0,0,27,0,1,7,7,4,0,0,0,1,9
10,30.2999992370605,3,29,26,3,18,18,0,0,0,5,4,6,2,1,0,0,1,26,0,0,10,8,8,0,0,0,1,9
10,30.2999992370605,3,10,10,0,12,12,0,0,1,7,2,0,2,0,0,0,0,24,1,0,9,8,8,0,0,0,1,9
10,30.2999992370605,2,4,3,1,13,12,1,0,3,3,3,2,1,0,0,0,1,23,0,0,7,8,10,0,0,0,1,9
10,30.2999992370605,3,21,21,0,33,33,0,0,0,9,12,8,4,0,0,0,1,21,1,1,10,10,8,0,0,0,1,9
10,30.2999992370605,2,16,13,3,19,19,0,0,0,5,7,5,2,0,0,0,1,20,1,1,8,10,10,0,0,0,1,9
10,30.2999992370605,2,16,11,5,23,23,0,0,0,5,12,3,3,0,0,0,1,24,1,0,9,8,7,0,0,0,1,9
10,30.2999992370605,1,12,7,5,15,15,0,0,2,7,4,0,2,0,0,0,1,22,0,1,6,6,10,0,0,0,1,9
10,30.2999992370605,3,15,10,5,24,24,0,0,1,3,10,8,2,0,0,0,1,22,0,1,6,9,9,0,0,0,1,9
10,30.2999992370605,3,9,8,1,24,22,1,1,0,8,8,4,1,0,1,0,1,30,0,1,8,9,3,0,0,0,1,9
10,30.2999992370605,3,16,13,3,31,31,0,0,2,8,12,4,4,1,0,0,1,23,0,1,6,8,7,0,0,0,1,9
10,30.2999992370605,3,13,12,1,33,33,0,0,0,9,12,6,6,0,0,0,0,27,1,1,7,8,10,0,0,0,1,9
10,30.2999992370605,0,12,10,2,20,20,0,0,0,10,5,3,2,0,0,0,0,33,1,1,3,8,5,0,0,0,1,9
10,30.2999992370605,3,9,9,0,14,14,0,0,0,2,9,3,0,0,0,0,1,28,1,0,10,6,9,0,0,0,1,9
10,30.2999992370605,3,7,4,3,13,12,1,0,1,4,2,1,3,0,1,0,0,38,0,1,7,8,10,0,0,0,1,9
10,30.2999992370605,0,14,11,3,24,24,0,0,1,7,9,4,3,0,0,0,1,29,0,1,2,9,8,0,0,0,1,9
10,30.2999992370605,3,23,22,1,42,42,0,0,1,5,4,4,15,10,3,0,1,20,1,1,10,10,8,0,0,0,1,9
11,31.6700000762939,3,7,5,2,25,25,0,0,2,9,9,4,1,0,0,0,1,27,1,1,7,4,9,0,0,0,1,9
11,31.6700000762939,1,17,14,3,22,22,0,0,1,5,10,3,3,0,0,0,0,25,0,1,7,5,10,0,0,0,1,9
11,31.6700000762939,0,6,6,0,17,17,0,0,4,4,4,3,1,1,0,0,1,19,1,0,4,10,8,0,0,0,1,9
11,31.6700000762939,3,12,10,2,14,11,3,0,1,4,4,2,0,0,0,0,1,33,0,1,5,4,5,0,0,0,1,9
11,31.6700000762939,3,11,3,8,22,22,0,0,1,6,9,5,1,0,0,0,0,28,0,1,5,8,8,0,0,0,1,9
11,31.6700000762939,1,7,5,2,19,19,0,0,0,2,7,7,1,2,0,0,0,29,1,1,5,8,10,0,0,0,1,9
11,31.6700000762939,2,26,22,4,23,22,1,0,0,4,10,4,4,0,0,0,1,19,1,0,8,6,8,0,0,0,1,9
11,31.6700000762939,0,13,10,3,32,32,0,0,0,7,19,3,3,0,0,0,1,27,0,1,6,7,2,0,0,0,1,9
11,31.6700000762939,0,12,12,0,19,19,0,0,1,5,5,3,5,0,0,0,0,21,1,1,8,10,10,0,0,0,1,9
11,31.6700000762939,3,20,19,1,39,38,1,0,4,21,9,3,1,0,0,0,0,28,1,1,7,7,8,0,0,0,1,9
11,31.6700000762939,3,15,14,1,15,15,0,0,0,6,5,2,2,0,0,0,0,21,1,0,5,8,7,0,0,0,1,9
11,31.6700000762939,2,6,4,2,17,17,0,0,3,5,5,2,2,0,0,0,1,25,0,0,7,9,9,0,0,0,1,9
11,31.6700000762939,3,7,7,0,10,10,0,0,2,2,4,0,2,0,0,0,1,19,0,0,7,4,8,0,0,0,1,9
11,31.6700000762939,0,10,10,0,18,18,0,0,0,3,7,3,5,0,0,0,0,20,1,0,10,10,10,0,0,0,1,9
11,31.6700000762939,3,29,28,1,31,30,0,1,0,9,11,6,3,1,0,0,1,26,0,1,10,10,2,0,0,0,1,9
11,31.6700000762939,3,23,22,1,18,18,0,0,2,5,9,1,1,0,0,0,1,19,1,1,6,8,2,0,0,0,1,9
11,31.6700000762939,3,5,5,0,16,16,0,0,0,3,11,1,1,0,0,0,1,27,1,1,2,10,10,0,0,0,1,9
11,31.6700000762939,3,32,24,8,42,42,0,0,0,15,13,11,3,0,0,0,1,26,0,1,8,9,6,0,0,0,1,9
11,31.6700000762939,3,13,9,4,26,25,1,0,1,2,7,5,9,1,0,0,0,29,1,1,7,6,9,0,0,0,1,9
11,31.6700000762939,3,5,0,5,18,18,0,0,2,3,7,4,2,0,0,0,1,23,0,1,1,8,7,0,0,0,1,9
11,31.6700000762939,2,7,6,1,17,15,2,0,3,8,3,0,1,0,0,0,0,22,0,0,2,4,8,0,0,0,1,9
11,31.6700000762939,3,13,12,1,18,17,1,0,0,7,6,2,1,0,1,0,1,24,1,1,5,7,8,0,0,0,1,9
11,31.6700000762939,2,7,5,2,22,22,0,0,0,11,5,2,4,0,0,0,1,26,0,0,4,8,4,0,0,0,1,9
11,31.6700000762939,2,10,6,4,13,13,0,0,2,4,5,2,0,0,0,0,0,31,0,0,9,9,8,0,0,0,1,9
12,32.5699996948242,3,13,12,1,24,24,0,0,1,6,10,6,1,0,0,0,0,24,0,1,9,7,6,0,0,0,1,9
12,32.5699996948242,2,13,9,4,16,15,1,0,1,3,7,3,1,0,0,0,1,22,0,1,5,5,5,0,0,0,1,9
12,32.5699996948242,2,11,9,2,15,15,0,0,0,4,4,6,0,1,0,0,0,26,0,1,1,7,3,0,0,0,1,9
12,32.5699996948242,3,13,12,1,28,28,0,0,2,10,12,4,0,0,0,0,1,37,0,1,5,4,5,0,0,0,1,9
12,32.5699996948242,2,10,6,4,23,23,0,0,0,3,7,9,4,0,0,0,0,27,0,1,1,8,5,0,0,0,1,9
12,32.5699996948242,3,8,7,1,24,24,0,0,0,8,11,5,0,0,0,0,1,20,1,1,5,10,7,0,0,0,1,9
12,32.5699996948242,2,19,17,2,34,34,0,0,1,3,14,6,7,3,0,0,0,31,0,1,7,10,7,0,0,0,1,9
12,32.5699996948242,2,16,15,1,32,31,1,0,0,2,12,11,5,0,1,0,0,26,0,1,8,10,8,0,0,0,1,9
12,32.5699996948242,1,5,5,0,24,24,0,0,2,11,9,0,2,0,0,0,1,28,0,1,1,3,9,0,0,0,1,9
12,32.5699996948242,3,15,9,6,46,46,0,0,3,13,18,9,3,0,0,0,0,22,0,1,2,10,10,0,0,0,1,9
12,32.5699996948242,3,6,5,1,27,27,0,0,1,9,9,6,2,0,0,0,0,27,0,1,1,8,8,0,0,0,1,9
12,32.5699996948242,0,12,11,2,19,19,0,0,1,7,9,1,1,0,0,0,0,23,1,1,3,8,8,0,0,0,1,9
12,32.5699996948242,1,11,10,1,15,15,0,0,0,4,7,3,1,0,0,0,0,31,0,1,2,2,8,0,0,0,1,9
12,32.5699996948242,3,29,25,4,33,33,0,0,0,5,25,3,0,0,0,0,1,22,0,1,7,8,10,0,0,0,1,9
13,17.1000003814697,0,16,13,3,17,16,0,1,1,4,7,4,0,0,0,0,1,43,1,1,10,10,10,1,0,0,0,11
13,17.1000003814697,3,24,23,1,34,34,0,0,6,9,10,6,3,0,0,0,1,19,1,1,7,10,9,1,0,0,0,11
13,17.1000003814697,3,15,13,2,23,23,0,0,3,10,9,0,1,0,0,0,1,21,1,1,10,8,8,1,0,0,0,11
13,17.1000003814697,3,15,13,2,32,32,0,0,1,17,7,5,2,0,0,0,1,25,1,1,7,4,7,1,0,0,0,11
13,17.1000003814697,1,18,14,4,25,25,0,0,2,4,12,4,3,0,0,0,0,27,0,1,3,9,8,1,0,0,0,11
13,17.1000003814697,0,7,5,2,16,15,1,0,2,5,6,1,1,0,0,0,0,26,0,0,9,10,10,1,0,0,0,11
13,17.1000003814697,1,10,10,0,23,23,0,0,1,2,7,8,5,0,0,0,0,26,0,1,8,10,2,1,0,0,0,11
13,17.1000003814697,3,6,6,0,29,29,0,0,4,11,12,1,1,0,0,0,0,31,0,1,1,8,2,1,0,0,0,11
13,17.1000003814697,3,8,8,0,11,11,0,0,0,2,2,4,3,0,0,0,1,30,1,1,8,8,8,1,0,0,0,11
13,17.1000003814697,1,17,13,4,26,26,0,0,3,4,9,8,1,1,0,0,1,26,1,0,5,8,7,1,0,0,0,11
13,17.1000003814697,3,11,8,3,16,16,0,0,0,9,5,2,0,0,0,0,1,25,1,1,1,1,3,1,0,0,0,11
13,17.1000003814697,0,9,9,0,24,24,0,0,1,4,10,6,2,0,1,0,1,23,0,1,2,8,7,1,0,0,0,11
13,17.1000003814697,1,5,4,1,22,21,1,0,1,9,6,5,0,0,0,0,1,26,1,1,3,8,9,1,0,0,0,11
13,17.1000003814697,3,18,16,2,25,25,0,0,2,8,4,5,6,0,0,0,1,28,0,0,2,3,7,1,0,0,0,11
13,17.1000003814697,3,9,6,3,28,28,0,0,1,7,10,4,6,0,0,0,0,23,1,1,7,4,10,1,0,0,0,11
13,17.1000003814697,3,5,2,3,17,17,0,0,3,9,4,1,0,0,0,0,1,21,1,1,3,6,6,1,0,0,0,11
13,17.1000003814697,3,22,20,2,26,26,0,0,1,8,12,4,1,0,0,0,1,22,0,1,10,10,4,1,0,0,0,11
13,17.1000003814697,3,10,7,3,16,16,0,0,1,5,4,4,2,0,0,0,1,20,0,1,2,7,5,1,0,0,0,11
13,17.1000003814697,1,38,29,9,11,11,0,0,0,2,8,1,0,0,0,0,1,26,0,1,8,7,8,1,0,0,0,11
13,17.1000003814697,2,6,5,1,26,26,0,0,1,11,10,3,1,0,0,0,0,20,1,1,2,4,9,1,0,0,0,11
13,17.1000003814697,0,8,4,4,21,20,1,0,0,3,11,5,0,0,1,0,1,30,1,1,1,8,5,1,0,0,0,11
13,17.1000003814697,2,18,18,0,23,23,0,0,2,11,6,1,3,0,0,0,1,18,0,0,8,8,8,1,0,0,0,11
13,17.1000003814697,2,9,9,0,13,13,0,0,4,1,5,2,1,0,0,0,1,20,0,1,6,2,7,1,0,0,0,11
13,17.1000003814697,1,16,13,3,25,25,0,0,1,7,12,5,0,0,0,0,0,25,1,1,5,10,10,1,0,0,0,11
13,17.1000003814697,3,13,12,1,20,20,0,0,2,7,6,1,4,0,0,0,0,19,0,0,10,9,10,1,0,0,0,11
14,27.7900009155273,3,19,16,3,24,24,0,0,2,10,8,4,0,0,0,0,1,23,0,1,4,8,6,0,0,1,0,11
14,27.7900009155273,3,12,7,5,14,14,0,0,0,4,5,3,2,0,0,0,1,26,1,1,2,2,7,0,0,1,0,11
14,27.7900009155273,2,11,8,3,16,16,0,0,1,2,9,1,2,0,1,0,1,24,1,1,5,8,7,0,0,1,0,11
14,27.7900009155273,1,22,21,1,23,23,0,0,1,8,9,0,5,0,0,0,1,20,1,1,8,8,9,0,0,1,0,11
14,27.7900009155273,3,21,17,4,13,13,0,0,0,8,3,1,0,1,0,0,0,25,1,0,10,8,10,0,0,1,0,11
14,27.7900009155273,2,10,9,1,12,12,0,0,3,5,3,1,0,0,0,0,1,28,1,1,7,5,8,0,0,1,0,11
14,27.7900009155273,2,30,18,12,22,22,0,0,4,10,5,3,0,0,0,0,1,20,1,1,2,2,9,0,0,1,0,11
14,27.7900009155273,3,19,19,0,11,11,0,0,1,0,4,5,1,0,0,0,1,19,0,1,8,7,8,0,0,1,0,11
14,27.7900009155273,2,18,16,2,40,40,0,0,1,11,16,7,5,0,0,0,0,22,0,1,9,10,7,0,0,1,0,11
14,27.7900009155273,3,6,5,1,18,18,0,0,2,7,5,3,1,0,0,0,1,18,1,1,2,9,9,0,0,1,0,11
14,27.7900009155273,1,7,6,1,10,10,0,0,1,2,4,3,0,0,0,0,0,22,1,0,4,7,7,0,0,1,0,11
14,27.7900009155273,1,9,6,3,21,21,0,0,0,5,7,6,3,0,0,0,1,24,1,1,3,8,8,0,0,1,0,11
14,27.7900009155273,3,11,10,1,32,32,0,0,0,1,20,9,2,0,0,0,0,34,0,1,2,3,4,0,0,1,0,11
14,27.7900009155273,1,12,11,1,21,21,0,0,0,8,9,2,2,0,0,0,1,35,0,1,4,8,8,0,0,1,0,11
14,27.7900009155273,3,16,15,1,29,29,0,0,2,8,13,1,5,0,0,0,0,19,1,1,9,9,7,0,0,1,0,11
14,27.7900009155273,2,7,6,1,27,27,0,0,5,10,9,3,0,0,0,0,1,29,0,1,2,5,7,0,0,1,0,11
14,27.7900009155273,3,17,15,2,5,4,1,0,1,0,0,2,1,0,0,0,1,26,1,0,8,7,9,0,0,1,0,11
14,27.7900009155273,2,11,9,2,10,10,0,0,0,2,3,4,1,0,0,0,0,23,0,0,10,7,8,0,0,1,0,11
14,27.7900009155273,2,22,20,2,17,17,0,0,1,1,9,3,2,0,1,0,1,18,1,1,8,7,6,0,0,1,0,11
14,27.7900009155273,0,11,8,3,22,22,0,0,0,5,7,9,1,0,0,0,0,21,0,1,5,8,7,0,0,1,0,11
14,27.7900009155273,3,14,11,3,20,20,0,0,0,2,7,6,4,1,0,0,0,20,0,1,8,9,7,0,0,1,0,11
14,27.7900009155273,3,15,15,0,25,25,0,0,1,6,12,4,2,0,0,0,0,19,1,1,9,9,5,0,0,1,0,11
14,27.7900009155273,3,6,6,0,15,15,0,0,1,4,5,3,2,0,0,0,1,27,0,1,2,8,4,0,0,1,0,11
15,28.2600002288818,3,12,10,2,19,19,0,0,1,3,7,3,3,2,0,0,1,19,1,1,4,10,10,0,0,1,0,11
15,28.2600002288818,2,9,7,2,17,17,0,0,0,6,8,2,1,0,0,0,0,29,0,1,6,7,9,0,0,1,0,11
15,28.2600002288818,2,5,3,2,11,11,0,0,1,4,5,1,0,0,0,0,1,18,0,1,8,6,8,0,0,1,0,11
15,28.2600002288818,3,9,7,2,19,18,1,0,1,4,9,1,3,0,0,0,1,19,0,0,7,10,7,0,0,1,0,11
15,28.2600002288818,1,15,11,4,26,26,0,0,1,3,9,6,6,1,0,0,1,21,0,1,9,9,9,0,0,1,0,11
15,28.2600002288818,2,4,1,3,10,10,0,0,0,5,5,0,0,0,0,0,1,17,0,1,2,5,9,0,0,1,0,11
15,28.2600002288818,1,11,8,3,23,23,0,0,0,4,14,3,2,0,0,0,1,18,0,1,8,8,10,0,0,1,0,11
15,28.2600002288818,1,6,5,1,15,15,0,0,1,4,6,2,2,0,0,0,1,24,1,1,1,4,10,0,0,1,0,11
15,28.2600002288818,2,11,5,6,18,18,0,0,1,5,10,2,0,0,0,0,1,23,0,1,9,10,10,0,0,1,0,11
15,28.2600002288818,3,12,10,2,39,39,0,0,2,10,11,11,5,0,0,0,1,27,0,1,10,9,8,0,0,1,0,11
15,28.2600002288818,1,12,12,0,8,8,0,0,0,3,4,0,1,0,0,0,0,30,0,0,2,5,8,0,0,1,0,11
15,28.2600002288818,0,13,11,2,22,21,1,0,1,3,9,5,3,0,0,0,0,19,0,0,10,10,10,0,0,1,0,11
15,28.2600002288818,3,19,18,1,24,24,0,0,0,10,6,4,3,1,0,0,1,27,0,1,9,7,6,0,0,1,0,11
15,28.2600002288818,2,7,6,1,11,11,0,0,1,2,5,1,1,1,0,0,1,28,0,1,3,3,10,0,0,1,0,11
15,28.2600002288818,3,6,4,2,18,16,2,0,0,0,8,4,2,0,2,0,1,19,1,1,1,8,4,0,0,1,0,11
15,28.2600002288818,3,10,8,2,20,20,0,0,1,2,8,5,4,0,0,0,1,24,1,1,3,9,7,0,0,1,0,11
15,28.2600002288818,3,8,6,2,13,13,0,0,0,3,5,3,2,0,0,0,1,24,0,1,6,9,10,0,0,1,0,11
15,28.2600002288818,0,7,5,2,14,14,0,0,1,1,5,4,3,0,0,0,0,41,0,1,6,10,5,0,0,1,0,11
15,28.2600002288818,3,8,8,0,13,13,0,0,0,2,5,4,2,0,0,0,1,18,0,1,6,8,5,0,0,1,0,11
15,28.2600002288818,0,13,10,3,13,13,0,0,1,1,7,2,2,0,0,0,0,26,1,0,7,10,2,0,0,1,0,11
15,28.2600002288818,0,13,13,0,21,21,0,0,1,9,9,1,1,0,0,0,0,28,1,1,3,8,8,0,0,1,0,11
15,28.2600002288818,2,15,14,1,18,18,0,0,2,4,8,1,3,0,0,0,1,23,1,1,7,10,8,0,0,1,0,11
15,28.2600002288818,3,12,7,5,10,10,0,0,0,4,4,2,0,0,0,0,1,20,1,0,4,6,6,0,0,1,0,11
15,28.2600002288818,3,16,13,3,20,20,0,0,1,1,9,7,2,0,0,0,1,21,1,1,4,6,8,0,0,1,0,11
16,20,3,11,8,3,10,9,1,0,1,3,3,1,1,0,0,0,0,22,1,0,7,7,10,0,1,0,0,11
16,20,3,13,9,4,25,25,0,0,0,1,14,7,3,0,0,0,1,26,1,1,7,6,7,0,1,0,0,11
16,20,3,14,12,2,23,19,3,1,0,6,5,5,3,0,0,0,1,21,1,1,8,7,7,0,1,0,0,11
16,20,3,6,4,2,31,29,2,0,1,7,12,6,3,0,0,0,1,28,0,1,3,10,4,0,1,0,0,11
16,20,3,9,9,0,19,17,2,0,1,4,4,5,3,0,0,0,0,21,1,1,1,9,10,0,1,0,0,11
16,20,3,15,15,0,32,32,0,0,4,7,11,7,2,0,1,0,1,27,0,1,8,8,6,0,1,0,0,11
16,20,2,12,11,1,17,12,5,0,0,2,5,1,3,1,0,0,1,26,1,1,10,10,5,0,1,0,0,11
16,20,3,10,7,3,28,28,0,0,2,6,12,7,1,0,0,0,0,34,0,1,8,10,8,0,1,0,0,11
16,20,3,6,6,0,18,18,0,0,2,6,8,2,0,0,0,0,0,20,1,1,1,7,8,0,1,0,0,11
16,20,2,20,15,5,28,28,0,0,1,5,7,13,1,0,1,0,0,19,1,1,6,6,5,0,1,0,0,11
16,20,2,10,9,1,26,26,0,0,2,8,9,4,2,1,0,0,1,27,1,1,3,7,10,0,1,0,0,11
16,20,3,20,16,4,15,15,0,0,1,1,5,5,1,1,1,0,1,28,0,1,6,4,3,0,1,0,0,11
16,20,3,12,11,1,25,25,0,0,0,6,14,3,2,0,0,0,1,30,0,1,7,8,7,0,1,0,0,11
16,20,0,12,6,6,16,12,4,0,1,4,5,1,1,0,0,0,0,30,0,0,10,5,5,0,1,0,0,11
16,20,0,7,4,3,6,6,0,0,0,2,1,1,1,0,1,0,1,52,0,1,8,7,10,0,1,0,0,11
16,20,2,4,3,1,17,17,0,0,1,5,7,2,2,0,0,0,1,26,0,1,1,9,10,0,1,0,0,11
16,20,3,11,7,4,16,15,1,0,0,3,4,3,4,1,0,0,1,20,0,1,4,8,7,0,1,0,0,11
16,20,1,7,6,1,10,10,0,0,0,0,3,4,3,0,0,0,0,25,0,0,2,4,7,0,1,0,0,11
16,20,0,7,6,1,11,11,0,0,0,6,4,1,0,0,0,0,1,55,NA,1,8,10,5,0,1,0,0,11
16,20,1,8,7,1,10,10,0,0,0,1,4,4,1,0,0,0,0,22,0,0,6,7,8,0,1,0,0,11
16,20,2,6,5,1,12,12,0,0,0,1,5,2,3,0,1,0,0,27,0,1,3,4,5,0,1,0,0,11
17,24.4799995422363,3,18,16,2,28,28,0,0,0,7,12,7,2,0,0,0,1,26,0,1,6,6,5,0,1,0,0,11
17,24.4799995422363,3,6,6,0,8,8,0,0,0,2,3,2,0,0,1,0,1,21,1,1,9,9,9,0,1,0,0,11
17,24.4799995422363,3,15,13,2,18,18,0,0,3,4,8,3,0,0,0,0,1,37,0,1,7,6,8,0,1,0,0,11
17,24.4799995422363,3,10,8,2,28,27,1,0,0,13,9,4,1,0,0,0,0,21,0,1,7,8,8,0,1,0,0,11
17,24.4799995422363,3,11,8,3,29,28,1,0,0,6,16,4,1,0,1,0,1,22,0,0,6,7,10,0,1,0,0,11
17,24.4799995422363,1,11,9,2,31,31,0,0,0,12,10,6,2,0,1,0,0,21,0,1,3,10,7,0,1,0,0,11
17,24.4799995422363,0,5,5,0,21,21,0,0,0,2,9,5,3,1,1,0,0,29,0,1,1,10,5,0,1,0,0,11
17,24.4799995422363,2,13,13,0,21,21,0,0,2,11,7,1,0,0,0,0,1,22,1,1,3,7,5,0,1,0,0,11
17,24.4799995422363,3,18,15,3,15,15,0,0,0,6,3,1,5,0,0,0,1,24,1,0,10,5,10,0,1,0,0,11
17,24.4799995422363,3,10,9,1,28,28,0,0,1,8,13,4,2,0,0,0,0,19,0,1,6,7,5,0,1,0,0,11
17,24.4799995422363,2,13,9,4,13,13,0,0,1,4,5,2,1,0,0,0,0,23,1,0,9,8,8,0,1,0,0,11
17,24.4799995422363,2,10,3,7,20,17,3,0,0,1,11,3,2,0,0,0,0,29,0,1,4,9,3,0,1,0,0,11
17,24.4799995422363,2,10,5,5,24,23,1,0,1,6,12,2,2,0,0,0,0,22,1,1,4,9,10,0,1,0,0,11
17,24.4799995422363,3,23,21,2,18,16,2,0,1,2,8,5,0,0,0,0,1,20,0,1,10,6,7,0,1,0,0,11
17,24.4799995422363,3,13,12,1,19,18,1,0,1,5,6,3,2,1,0,0,1,19,0,1,8,7,7,0,1,0,0,11
17,24.4799995422363,3,13,12,1,17,17,0,0,0,4,10,2,1,0,0,0,0,20,1,0,7,8,7,0,1,0,0,11
17,24.4799995422363,2,10,7,3,9,9,0,0,1,5,1,2,0,0,0,0,1,23,0,1,9,9,8,0,1,0,0,11
17,24.4799995422363,3,12,10,2,20,20,0,0,1,4,7,7,1,0,0,0,1,19,1,1,9,9,7,0,1,0,0,11
17,24.4799995422363,2,15,14,1,11,10,1,0,1,1,6,1,1,0,0,0,0,22,0,0,7,5,8,0,1,0,0,11
17,24.4799995422363,2,12,10,2,25,25,0,0,4,6,7,4,4,0,0,0,1,28,0,1,8,8,7,0,1,0,0,11
17,24.4799995422363,2,4,4,0,11,11,0,0,1,4,3,2,1,0,0,0,1,19,0,1,2,7,6,0,1,0,0,11
17,24.4799995422363,2,16,14,2,14,14,0,0,0,3,5,4,1,1,0,0,1,19,1,1,10,6,7,0,1,0,0,11
18,30.6499996185303,3,17,13,4,28,28,0,0,0,5,10,7,6,0,0,0,0,20,0,1,9,10,7,0,0,0,1,11
18,30.6499996185303,2,21,12,9,32,32,0,0,4,13,11,4,0,0,0,0,1,19,0,1,6,8,9,0,0,0,1,11
18,30.6499996185303,2,11,10,1,16,15,1,0,0,5,4,3,3,0,0,0,1,21,1,0,8,8,8,0,0,0,1,11
18,30.6499996185303,3,20,20,0,14,14,0,0,0,3,8,3,0,0,0,0,1,22,1,1,7,1,7,0,0,0,1,11
18,30.6499996185303,3,12,11,1,33,33,0,0,2,8,17,4,2,0,0,0,1,22,0,0,10,3,10,0,0,0,1,11
18,30.6499996185303,3,9,7,2,24,24,0,0,1,6,10,6,1,0,0,0,0,19,0,1,2,5,9,0,0,0,1,11
18,30.6499996185303,0,7,5,2,8,8,0,0,0,1,4,1,2,0,0,0,0,24,1,0,2,2,10,0,0,0,1,11
18,30.6499996185303,3,13,12,1,25,25,0,0,3,10,8,3,1,0,0,0,0,29,0,1,9,3,10,0,0,0,1,11
18,30.6499996185303,3,13,13,0,10,10,0,0,2,2,2,3,1,0,0,0,1,20,0,0,8,1,10,0,0,0,1,11
18,30.6499996185303,3,18,17,1,14,13,1,0,0,3,7,2,1,0,0,0,0,26,0,1,8,7,8,0,0,0,1,11
18,30.6499996185303,3,16,14,2,29,29,0,0,1,12,9,4,3,0,0,0,1,27,0,1,10,10,8,0,0,0,1,11
18,30.6499996185303,2,15,14,1,14,13,1,0,1,5,4,2,1,0,0,0,0,19,1,0,4,7,5,0,0,0,1,11
18,30.6499996185303,2,19,18,1,11,11,0,0,1,1,1,7,1,0,0,0,1,25,1,0,5,2,7,0,0,0,1,11
18,30.6499996185303,2,12,9,3,22,21,1,0,0,3,10,8,0,0,0,0,0,27,0,1,10,10,10,0,0,0,1,11
18,30.6499996185303,3,9,6,3,21,16,5,0,1,4,7,1,3,0,0,0,1,20,0,1,9,3,9,0,0,0,1,11
18,30.6499996185303,3,21,19,2,20,20,0,0,0,3,4,11,2,0,0,0,1,21,0,1,9,8,3,0,0,0,1,11
18,30.6499996185303,3,13,8,5,23,23,0,0,1,6,8,6,2,0,0,0,1,17,1,1,8,10,8,0,0,0,1,11
18,30.6499996185303,1,13,10,3,23,19,4,0,1,10,6,2,0,0,0,0,1,25,1,1,6,7,10,0,0,0,1,11
18,30.6499996185303,1,20,18,2,21,19,2,0,0,8,3,6,2,0,0,0,1,25,1,1,7,5,10,0,0,0,1,11
18,30.6499996185303,3,14,13,1,17,17,0,0,3,5,7,2,0,0,0,0,1,27,0,0,10,10,10,0,0,0,1,11
18,30.6499996185303,3,14,13,1,38,38,0,0,4,11,16,4,3,0,0,0,0,24,0,1,10,10,10,0,0,0,1,11
18,30.6499996185303,2,14,7,7,17,17,0,0,2,5,3,4,3,0,0,0,1,19,1,1,8,6,6,0,0,0,1,11
18,30.6499996185303,3,12,11,1,22,22,0,0,2,8,9,3,0,0,0,0,1,19,0,1,1,9,1,0,0,0,1,11
18,30.6499996185303,3,9,5,4,23,20,3,0,2,6,6,3,2,1,0,0,1,19,1,0,1,7,2,0,0,0,1,11
18,30.6499996185303,2,10,7,3,28,27,1,0,2,12,9,3,1,0,0,0,1,21,0,1,2,10,6,0,0,0,1,11
19,17.8299999237061,3,7,7,0,21,21,0,0,1,7,6,7,0,0,0,0,0,20,0,1,2,8,9,1,0,0,0,11
19,17.8299999237061,3,15,14,1,16,15,1,0,1,3,7,4,0,0,0,0,1,19,0,1,10,7,10,1,0,0,0,11
19,17.8299999237061,1,11,10,1,12,12,0,0,0,2,6,4,0,0,0,0,0,29,0,0,3,5,9,1,0,0,0,11
19,17.8299999237061,3,20,17,3,34,28,4,2,4,5,9,7,3,0,0,0,1,23,1,1,7,9,8,1,0,0,0,11
19,17.8299999237061,3,15,13,2,31,31,0,0,1,3,15,9,3,0,0,0,1,19,1,0,9,10,8,1,0,0,0,11
19,17.8299999237061,0,9,7,2,22,22,0,0,3,8,7,4,0,0,0,0,1,22,0,1,8,9,10,1,0,0,0,11
19,17.8299999237061,3,13,7,6,19,19,0,0,0,5,9,5,0,0,0,0,1,21,0,1,10,6,10,1,0,0,0,11
19,17.8299999237061,3,14,12,2,28,28,0,0,1,13,11,1,2,0,0,0,0,19,0,1,6,7,6,1,0,0,0,11
19,17.8299999237061,3,8,8,0,21,21,0,0,1,8,9,2,1,0,0,0,0,22,0,1,5,9,8,1,0,0,0,11
19,17.8299999237061,2,15,13,2,12,9,3,0,0,2,4,2,0,1,0,0,1,32,1,0,7,6,9,1,0,0,0,11
19,17.8299999237061,2,3,3,0,49,44,3,2,1,5,16,12,8,1,1,0,0,29,0,1,1,10,5,1,0,0,0,11
19,17.8299999237061,3,16,15,1,19,19,0,0,1,3,4,6,5,0,0,0,0,27,0,1,6,7,7,1,0,0,0,11
19,17.8299999237061,3,19,19,0,27,27,0,0,0,3,14,7,3,0,0,0,1,27,0,1,8,8,9,1,0,0,0,11
19,17.8299999237061,3,19,19,0,22,22,0,0,0,5,7,7,3,0,0,0,1,25,0,1,8,6,8,1,0,0,0,11
19,17.8299999237061,3,19,17,2,32,32,0,0,0,8,15,4,3,1,1,0,1,22,0,1,7,8,7,1,0,0,0,11
19,17.8299999237061,1,13,12,1,13,13,0,0,1,3,4,4,0,0,0,1,0,23,1,0,7,8,9,1,0,0,0,11
19,17.8299999237061,2,12,11,1,21,21,0,0,2,7,5,4,3,0,0,0,1,20,1,1,9,10,10,1,0,0,0,11
19,17.8299999237061,1,12,12,0,20,18,2,0,4,2,6,5,1,0,0,0,1,27,1,1,10,10,9,1,0,0,0,11
19,17.8299999237061,3,13,11,2,12,12,0,0,1,2,5,2,1,1,0,0,0,25,1,0,10,7,9,1,0,0,0,11
19,17.8299999237061,2,13,8,5,22,20,2,0,0,4,10,5,1,0,0,0,1,26,0,1,3,8,10,1,0,0,0,11
19,17.8299999237061,3,14,14,0,18,18,0,0,0,2,7,6,3,0,0,0,1,19,1,1,5,10,9,1,0,0,0,11
19,17.8299999237061,3,18,16,2,17,17,0,0,0,5,7,4,1,0,0,0,1,22,0,1,7,5,5,1,0,0,0,11
19,17.8299999237061,2,19,13,6,13,13,0,0,0,1,2,6,3,1,0,0,1,19,0,0,7,9,8,1,0,0,0,11
19,17.8299999237061,0,6,3,3,15,0,15,0,0,0,0,0,0,0,0,0,0,40,0,1,4,8,4,1,0,0,0,11
19,17.8299999237061,3,18,17,1,5,5,0,0,0,0,2,2,1,0,0,0,1,21,0,0,8,3,6,1,0,0,0,11
20,18.1599998474121,2,12,9,3,21,20,1,0,1,7,7,4,1,0,0,0,1,22,1,1,7,5,7,1,0,0,0,11
20,18.1599998474121,3,7,7,0,31,31,0,0,0,6,17,3,4,1,0,0,0,20,0,1,5,10,7,1,0,0,0,11
20,18.1599998474121,3,14,12,2,45,45,0,0,0,12,19,10,4,0,0,0,1,21,1,1,7,9,7,1,0,0,0,11
20,18.1599998474121,3,11,10,1,26,26,0,0,2,7,11,5,1,0,0,0,1,28,0,1,1,7,7,1,0,0,0,11
20,18.1599998474121,0,10,7,3,17,17,0,0,1,8,5,2,1,0,0,0,0,21,0,1,3,3,8,1,0,0,0,11
20,18.1599998474121,1,7,4,3,15,14,1,0,0,1,7,4,1,1,0,0,0,23,1,1,3,10,3,1,0,0,0,11
20,18.1599998474121,3,13,12,1,18,18,0,0,0,1,8,7,2,0,0,0,1,21,0,1,5,5,8,1,0,0,0,11
20,18.1599998474121,3,7,5,2,24,24,0,0,1,5,12,4,2,0,0,0,0,20,1,1,7,9,10,1,0,0,0,11
20,18.1599998474121,0,9,7,2,16,16,0,0,0,8,4,3,1,0,0,0,1,17,0,0,6,6,8,1,0,0,0,11
20,18.1599998474121,1,10,8,2,21,21,0,0,0,5,6,6,4,0,0,0,0,22,1,1,3,4,3,1,0,0,0,11
20,18.1599998474121,1,8,7,1,20,20,0,0,2,8,5,4,1,0,0,0,0,30,1,1,6,6,7,1,0,0,0,11
20,18.1599998474121,3,8,3,5,18,18,0,0,4,9,3,1,1,0,0,0,1,20,1,1,5,5,NA,1,0,0,0,11
20,18.1599998474121,3,11,10,1,22,21,1,0,2,11,2,4,1,1,0,0,1,23,1,1,8,5,9,1,0,0,0,11
20,18.1599998474121,3,17,17,0,33,32,1,0,0,3,16,9,4,0,0,0,1,27,0,1,8,10,9,1,0,0,0,11
20,18.1599998474121,1,9,4,5,13,13,0,0,0,1,7,4,1,0,0,0,1,21,0,1,4,3,8,1,0,0,0,11
20,18.1599998474121,0,9,9,0,10,10,0,0,0,2,4,2,2,0,0,0,0,28,0,0,1,5,10,1,0,0,0,11
20,18.1599998474121,3,18,13,5,21,21,0,0,3,3,8,5,2,0,0,0,0,19,1,1,5,10,10,1,0,0,0,11
20,18.1599998474121,2,10,6,4,10,9,1,0,0,1,1,5,2,0,0,0,0,20,1,0,4,8,10,1,0,0,0,11
20,18.1599998474121,3,7,4,3,33,31,2,0,1,6,12,12,0,0,0,0,0,28,0,1,4,8,8,1,0,0,0,11
20,18.1599998474121,3,11,7,4,20,20,0,0,1,4,8,4,3,0,0,0,0,20,0,1,7,4,10,1,0,0,0,11
20,18.1599998474121,3,11,7,4,25,25,0,0,2,7,10,4,1,1,0,0,1,20,1,0,5,7,8,1,0,0,0,11
20,18.1599998474121,0,9,7,2,18,18,0,0,0,4,6,7,1,0,0,0,0,34,0,1,6,9,7,1,0,0,0,11
20,18.1599998474121,2,12,7,5,30,30,0,0,1,10,12,4,3,0,0,0,0,22,1,1,5,7,10,1,0,0,0,11
20,18.1599998474121,2,17,14,3,20,20,0,0,2,6,7,4,1,0,0,0,1,20,0,1,8,10,7,1,0,0,0,11
21,16.1900005340576,3,12,9,3,27,26,0,1,3,10,9,4,0,0,0,0,1,22,0,0,4,8,NA,1,0,0,0,12
21,16.1900005340576,3,21,21,0,45,45,0,0,0,6,23,10,6,0,0,0,1,22,0,1,8,7,NA,1,0,0,0,12
21,16.1900005340576,3,20,10,10,24,24,0,0,4,4,11,5,0,0,0,0,1,22,1,0,8,6,NA,1,0,0,0,12
21,16.1900005340576,0,9,6,3,20,18,2,0,2,6,6,4,0,0,0,0,0,19,0,1,2,9,NA,1,0,0,0,12
21,16.1900005340576,3,19,14,5,22,22,0,0,2,4,7,5,4,0,0,0,1,21,0,1,8,8,NA,1,0,0,0,12
21,16.1900005340576,0,6,4,2,8,7,1,0,0,0,5,2,0,0,0,0,0,19,0,1,5,8,NA,1,0,0,0,12
21,16.1900005340576,3,17,17,0,36,36,0,0,3,7,17,5,4,0,0,0,1,23,1,1,10,10,NA,1,0,0,0,12
21,16.1900005340576,3,18,16,2,43,43,0,0,1,6,23,10,3,0,0,0,1,19,0,1,10,10,NA,1,0,0,0,12
21,16.1900005340576,0,7,7,0,14,14,0,0,0,4,5,3,2,0,0,0,0,21,0,0,1,8,NA,1,0,0,0,12
21,16.1900005340576,2,9,7,2,22,21,1,0,3,9,6,1,2,0,0,0,1,22,1,1,4,6,NA,1,0,0,0,12
21,16.1900005340576,3,14,11,3,26,26,0,0,3,8,8,6,1,0,0,0,0,29,0,1,5,7,NA,1,0,0,0,12
21,16.1900005340576,3,19,12,7,20,20,0,0,1,9,6,3,1,0,0,0,1,20,1,1,10,2,NA,1,0,0,0,12
21,16.1900005340576,3,11,10,1,23,23,0,0,0,3,12,5,3,0,0,0,0,26,0,1,7,8,NA,1,0,0,0,12
21,16.1900005340576,3,29,28,1,38,33,5,0,0,6,10,10,6,1,0,0,1,23,0,1,8,7,NA,1,0,0,0,12
21,16.1900005340576,3,18,17,1,28,27,1,0,2,5,10,8,2,0,0,0,1,21,1,1,8,8,NA,1,0,0,0,12
21,16.1900005340576,3,11,8,3,19,19,0,0,0,7,11,1,0,0,0,0,1,18,1,1,6,4,NA,1,0,0,0,12
21,16.1900005340576,0,6,6,0,9,2,7,0,0,0,1,1,0,0,0,0,0,26,0,1,1,10,NA,1,0,0,0,12
21,16.1900005340576,1,11,8,3,18,17,1,0,2,2,8,4,1,0,0,0,0,22,1,1,6,10,NA,1,0,0,0,12
21,16.1900005340576,3,24,23,1,44,44,0,0,4,14,13,8,5,0,0,0,1,23,1,1,10,10,NA,1,0,0,0,12
21,16.1900005340576,3,14,14,0,26,26,0,0,4,8,8,3,3,0,0,0,1,23,0,1,6,7,NA,1,0,0,0,12
21,16.1900005340576,3,17,16,1,22,22,0,0,2,3,6,7,3,0,1,0,1,28,0,1,8,10,NA,1,0,0,0,12
21,16.1900005340576,1,6,5,1,4,2,2,0,0,1,1,0,0,0,0,0,1,19,0,1,2,4,NA,1,0,0,0,12
21,16.1900005340576,2,16,8,8,20,20,0,0,0,8,9,1,2,0,0,0,1,22,1,1,6,2,NA,1,0,0,0,12
22,22.9099998474121,3,12,7,5,22,22,0,0,0,3,7,7,4,1,0,0,0,22,0,1,2,9,NA,0,1,0,0,12
22,22.9099998474121,3,7,5,2,22,22,0,0,1,4,12,3,2,0,0,0,0,25,0,1,2,8,NA,0,1,0,0,12
22,22.9099998474121,3,20,18,2,21,20,1,0,2,1,8,5,4,0,0,0,0,32,0,0,10,5,NA,0,1,0,0,12
22,22.9099998474121,1,13,11,2,24,24,0,0,2,11,4,5,2,0,0,0,0,20,1,1,9,8,NA,0,1,0,0,12
22,22.9099998474121,1,10,9,1,27,26,1,0,5,12,3,3,3,0,0,0,0,24,0,1,4,8,NA,0,1,0,0,12
22,22.9099998474121,3,16,16,0,45,41,4,0,0,4,14,14,7,2,0,0,1,24,0,1,8,7,NA,0,1,0,0,12
22,22.9099998474121,1,13,13,0,24,23,0,1,0,5,13,5,0,0,0,0,1,22,0,1,8,8,NA,0,1,0,0,12
22,22.9099998474121,3,12,9,3,30,30,0,0,0,6,10,5,7,2,0,0,1,21,1,1,10,7,NA,0,1,0,0,12
22,22.9099998474121,3,18,16,2,33,33,0,0,5,8,9,5,5,0,1,0,1,21,1,1,8,10,NA,0,1,0,0,12
22,22.9099998474121,3,13,12,1,21,19,2,0,0,5,8,3,3,0,0,0,1,25,1,1,9,7,NA,0,1,0,0,12
22,22.9099998474121,2,16,15,1,26,26,0,0,3,7,7,6,3,0,0,0,0,23,0,1,7,7,NA,0,1,0,0,12
22,22.9099998474121,0,12,11,1,22,21,1,0,2,7,8,3,0,0,1,0,1,20,1,1,7,9,NA,0,1,0,0,12
22,22.9099998474121,3,10,7,3,20,20,0,0,1,5,9,4,1,0,0,0,1,21,1,1,5,8,NA,0,1,0,0,12
22,22.9099998474121,3,11,10,1,38,34,4,0,0,4,11,11,6,2,0,0,0,24,0,1,6,9,NA,0,1,0,0,12
22,22.9099998474121,3,14,14,0,28,26,0,2,2,5,13,5,1,0,0,0,1,28,0,1,7,8,NA,0,1,0,0,12
22,22.9099998474121,2,15,14,1,21,21,0,0,1,4,9,4,3,0,0,0,1,23,0,1,6,10,NA,0,1,0,0,12
22,22.9099998474121,3,12,9,3,10,10,0,0,1,2,6,1,0,0,0,0,1,20,1,0,8,7,NA,0,1,0,0,12
22,22.9099998474121,3,6,6,0,10,10,0,0,1,1,4,2,1,1,0,0,1,39,0,0,8,9,NA,0,1,0,0,12
22,22.9099998474121,1,8,5,3,31,30,1,0,1,11,7,7,4,0,0,0,0,22,0,0,1,7,NA,0,1,0,0,12
22,22.9099998474121,3,7,6,1,24,24,0,0,2,10,6,3,3,0,0,0,0,20,1,0,1,10,NA,0,1,0,0,12
22,22.9099998474121,1,13,13,0,4,4,0,0,0,2,1,1,0,0,0,0,0,21,1,0,9,3,NA,0,1,0,0,12
23,30.2299995422363,0,14,11,3,22,21,1,0,2,7,7,3,2,0,0,0,0,19,0,1,3,6,NA,0,0,0,1,12
23,30.2299995422363,1,31,28,3,12,7,5,0,0,5,1,0,1,0,0,0,1,27,1,1,9,1,NA,0,0,0,1,12
23,30.2299995422363,3,12,10,2,34,31,0,3,2,8,15,4,2,0,0,0,0,20,0,1,6,8,NA,0,0,0,1,12
23,30.2299995422363,2,7,5,2,21,21,0,0,4,5,6,6,0,0,0,0,1,19,1,1,3,5,NA,0,0,0,1,12
23,30.2299995422363,0,15,13,2,18,17,1,0,1,3,9,2,2,0,0,0,0,23,0,1,2,10,NA,0,0,0,1,12
23,30.2299995422363,3,5,5,0,13,11,2,0,0,0,5,3,3,0,0,0,1,21,0,1,7,8,NA,0,0,0,1,12
23,30.2299995422363,1,13,7,6,52,52,0,0,4,15,19,12,2,0,0,0,0,20,0,1,6,8,NA,0,0,0,1,12
23,30.2299995422363,3,9,7,2,16,14,2,0,1,2,4,4,2,1,0,0,1,18,0,1,5,10,NA,0,0,0,1,12
23,30.2299995422363,3,7,4,3,18,18,0,0,2,3,5,6,1,1,0,0,0,19,1,1,3,5,NA,0,0,0,1,12
23,30.2299995422363,3,19,17,2,24,22,0,2,4,7,9,2,0,0,0,0,1,19,1,1,8,6,NA,0,0,0,1,12
23,30.2299995422363,3,9,7,2,7,7,0,0,0,1,3,2,1,0,0,0,1,23,0,0,7,5,NA,0,0,0,1,12
23,30.2299995422363,2,9,7,2,37,37,0,0,6,16,9,5,1,0,0,0,0,20,0,1,7,10,NA,0,0,0,1,12
23,30.2299995422363,3,13,7,6,16,16,0,0,0,5,7,2,1,1,0,0,1,21,0,1,8,6,NA,0,0,0,1,12
23,30.2299995422363,1,11,9,2,10,9,1,0,0,2,6,0,1,0,0,0,1,18,0,0,6,7,NA,0,0,0,1,12
23,30.2299995422363,3,14,11,3,23,23,0,0,5,4,7,5,2,0,0,0,1,26,0,1,2,8,NA,0,0,0,1,12
23,30.2299995422363,2,12,8,4,10,9,1,0,0,2,2,3,2,0,0,0,0,20,0,1,6,9,NA,0,0,0,1,12
23,30.2299995422363,3,13,10,3,19,19,0,0,1,6,3,5,3,1,0,0,1,22,0,1,10,7,NA,0,0,0,1,12
23,30.2299995422363,3,14,13,1,32,32,0,0,4,13,8,7,0,0,0,0,1,21,1,1,8,8,NA,0,0,0,1,12
23,30.2299995422363,2,12,10,2,17,17,0,0,1,5,6,2,3,0,0,0,1,24,0,1,3,8,NA,0,0,0,1,12
23,30.2299995422363,2,16,16,0,14,14,0,0,2,5,3,1,3,0,0,0,0,21,0,0,10,7,NA,0,0,0,1,12
23,30.2299995422363,3,13,12,1,18,18,0,0,1,4,7,4,1,1,0,0,1,19,1,1,10,8,NA,0,0,0,1,12
23,30.2299995422363,2,16,13,3,34,34,0,0,0,7,15,7,5,0,0,0,1,23,0,1,7,8,NA,0,0,0,1,12
23,30.2299995422363,0,12,9,3,24,24,0,0,1,11,6,3,3,0,0,0,0,19,0,0,6,9,NA,0,0,0,1,12
23,30.2299995422363,1,15,14,1,12,11,1,0,0,0,3,5,2,1,0,0,1,29,1,1,6,7,NA,0,0,0,1,12
24,22.7399997711182,3,13,12,1,48,47,0,1,0,11,20,11,5,0,0,0,0,24,0,1,7,10,NA,0,1,0,0,12
24,22.7399997711182,1,26,0,26,13,13,0,0,0,1,3,3,3,3,0,0,0,23,0,0,7,7,NA,0,1,0,0,12
24,22.7399997711182,2,19,19,0,19,19,0,0,0,7,6,3,1,1,1,0,1,27,0,1,7,3,NA,0,1,0,0,12
24,22.7399997711182,1,11,8,3,23,19,3,1,1,10,6,2,0,0,0,0,1,24,1,1,2,2,NA,0,1,0,0,12
24,22.7399997711182,2,12,12,0,21,21,0,0,2,8,6,2,3,0,0,0,0,24,1,1,2,3,NA,0,1,0,0,12
24,22.7399997711182,0,17,14,3,25,25,0,0,0,4,9,7,4,1,0,0,0,21,1,1,9,9,NA,0,1,0,0,12
24,22.7399997711182,3,14,14,0,17,16,1,0,0,1,9,3,2,1,0,0,0,26,0,1,7,9,NA,0,1,0,0,12
24,22.7399997711182,3,14,11,3,11,11,0,0,0,6,3,1,1,0,0,0,1,18,1,0,8,6,NA,0,1,0,0,12
24,22.7399997711182,3,20,20,0,33,33,0,0,0,8,15,6,3,1,0,0,1,24,0,1,7,7,NA,0,1,0,0,12
24,22.7399997711182,2,17,15,2,21,20,1,0,0,3,7,5,5,0,0,0,0,22,0,1,3,10,NA,0,1,0,0,12
24,22.7399997711182,1,14,14,0,12,0,12,0,0,0,0,0,0,0,0,0,1,19,1,0,5,1,NA,0,1,0,0,12
24,22.7399997711182,3,21,20,1,34,33,1,0,3,8,14,6,2,0,0,0,1,18,1,1,8,9,NA,0,1,0,0,12
24,22.7399997711182,3,10,10,0,32,32,0,0,1,10,12,6,3,0,0,0,1,26,0,1,5,8,NA,0,1,0,0,12
24,22.7399997711182,1,14,13,1,32,30,2,0,1,7,10,10,2,0,0,0,0,22,0,1,9,9,NA,0,1,0,0,12
24,22.7399997711182,3,17,14,3,29,27,2,0,1,8,9,8,1,0,0,0,1,22,1,1,9,10,NA,0,1,0,0,12
24,22.7399997711182,0,13,12,1,22,20,2,0,1,5,5,5,3,0,1,0,1,20,1,0,3,8,NA,0,1,0,0,12
24,22.7399997711182,3,8,8,0,21,21,0,0,2,5,5,7,2,0,0,0,1,30,0,1,1,1,NA,0,1,0,0,12
24,22.7399997711182,3,16,14,2,15,15,0,0,1,8,4,1,1,0,0,0,1,21,1,0,5,3,NA,0,1,0,0,12
24,22.7399997711182,1,12,10,2,11,11,0,0,0,3,3,2,2,0,1,0,0,20,0,0,5,8,NA,0,1,0,0,12
24,22.7399997711182,3,13,12,1,20,20,0,0,0,4,10,3,2,0,1,0,1,25,0,1,2,6,NA,0,1,0,0,12
24,22.7399997711182,3,12,12,0,27,27,0,0,2,9,10,5,0,1,0,0,1,20,1,1,5,9,NA,0,1,0,0,12
24,22.7399997711182,0,10,9,1,14,14,0,0,0,4,7,2,1,0,0,0,0,22,1,0,10,10,NA,0,1,0,0,12
24,22.7399997711182,2,9,7,2,33,30,2,1,6,8,10,4,2,0,0,0,0,24,0,1,3,6,NA,0,1,0,0,12
